-- phpMyAdmin SQL Dump
-- version 5.2.1
-- https://www.phpmyadmin.net/
--
-- Servidor: 127.0.0.1
-- Tiempo de generación: 23-11-2023 a las 04:40:18
-- Versión del servidor: 10.4.28-MariaDB
-- Versión de PHP: 8.2.4

SET SQL_MODE = "NO_AUTO_VALUE_ON_ZERO";
START TRANSACTION;
SET time_zone = "+00:00";


/*!40101 SET @OLD_CHARACTER_SET_CLIENT=@@CHARACTER_SET_CLIENT */;
/*!40101 SET @OLD_CHARACTER_SET_RESULTS=@@CHARACTER_SET_RESULTS */;
/*!40101 SET @OLD_COLLATION_CONNECTION=@@COLLATION_CONNECTION */;
/*!40101 SET NAMES utf8mb4 */;

--
-- Base de datos: `skyfallweb`
--

-- --------------------------------------------------------

--
-- Estructura de tabla para la tabla `categorias`
--

CREATE TABLE `categorias` (
  `id` int(10) UNSIGNED NOT NULL,
  `categoria` varchar(45) NOT NULL,
  `created_at` timestamp NOT NULL DEFAULT current_timestamp() ON UPDATE current_timestamp(),
  `updated_at` timestamp NULL DEFAULT NULL
) ENGINE=InnoDB DEFAULT CHARSET=utf8mb4 COLLATE=utf8mb4_general_ci;

--
-- Volcado de datos para la tabla `categorias`
--

INSERT INTO `categorias` (`id`, `categoria`, `created_at`, `updated_at`) VALUES
(1, 'Nacional', '2023-06-15 04:46:48', NULL),
(2, 'Internacional', '2023-06-15 04:46:48', NULL);

-- --------------------------------------------------------

--
-- Estructura de tabla para la tabla `ciudades`
--

CREATE TABLE `ciudades` (
  `id` int(10) UNSIGNED NOT NULL,
  `ciudad` varchar(45) NOT NULL,
  `created_at` timestamp NOT NULL DEFAULT current_timestamp() ON UPDATE current_timestamp(),
  `updated_at` timestamp NULL DEFAULT NULL,
  `departamentos_id` int(10) UNSIGNED NOT NULL
) ENGINE=InnoDB DEFAULT CHARSET=utf8mb4 COLLATE=utf8mb4_general_ci;

--
-- Volcado de datos para la tabla `ciudades`
--

INSERT INTO `ciudades` (`id`, `ciudad`, `created_at`, `updated_at`, `departamentos_id`) VALUES
(1, ' Abriaqui ', '2023-06-15 05:00:15', NULL, 5),
(2, ' Acacias ', '2023-06-15 05:00:15', NULL, 50),
(3, ' Acandi ', '2023-06-15 05:00:15', NULL, 27),
(4, ' Acevedo ', '2023-06-15 05:00:15', NULL, 41),
(5, ' Achí ', '2023-06-15 05:00:15', NULL, 13),
(6, ' Agrado ', '2023-06-15 05:00:15', NULL, 41),
(7, ' Agua de Dios ', '2023-06-15 05:00:15', NULL, 25),
(8, ' Aguachica ', '2023-06-15 05:00:15', NULL, 20),
(9, ' Aguada ', '2023-06-15 05:00:15', NULL, 68),
(10, ' Aguadas ', '2023-06-15 05:00:15', NULL, 17),
(11, ' Aguazul ', '2023-06-15 05:00:15', NULL, 85),
(12, ' Agustín Codazzi ', '2023-06-15 05:00:15', NULL, 20),
(13, ' Aipe ', '2023-06-15 05:00:15', NULL, 41),
(14, ' Albania ', '2023-06-15 05:00:15', NULL, 18),
(15, ' Albania ', '2023-06-15 05:00:15', NULL, 44),
(16, ' Albania ', '2023-06-15 05:00:15', NULL, 68),
(17, ' Alban ', '2023-06-15 05:00:15', NULL, 25),
(18, ' Alban (San José) ', '2023-06-15 05:00:15', NULL, 52),
(19, ' Alcalá ', '2023-06-15 05:00:15', NULL, 76),
(20, ' Alejandría ', '2023-06-15 05:00:15', NULL, 5),
(21, ' Algarrobo ', '2023-06-15 05:00:15', NULL, 47),
(22, ' Algeciras ', '2023-06-15 05:00:15', NULL, 41),
(23, 'Almaguer', '2023-06-15 05:00:15', NULL, 19),
(24, 'Almeida', '2023-06-15 05:00:15', NULL, 15),
(25, 'Alpujarra', '2023-06-15 05:00:15', NULL, 73),
(26, 'Altamira', '2023-06-15 05:00:15', NULL, 41),
(27, 'Alto Baudó (Pie de Pato)', '2023-06-15 05:00:15', NULL, 27),
(28, 'Altos del Rosario', '2023-06-15 05:00:15', NULL, 13),
(29, 'Alvarado', '2023-06-15 05:00:15', NULL, 73),
(30, 'Amagá', '2023-06-15 05:00:15', NULL, 5),
(31, 'Amalfi', '2023-06-15 05:00:15', NULL, 5),
(32, 'Ambalema', '2023-06-15 05:00:15', NULL, 73),
(33, 'Anapoima', '2023-06-15 05:00:15', NULL, 25),
(34, 'Ancuya', '2023-06-15 05:00:15', NULL, 52),
(35, 'Andalucía', '2023-06-15 05:00:15', NULL, 76),
(36, 'Andes', '2023-06-15 05:00:15', NULL, 5),
(37, 'Angelópolis', '2023-06-15 05:00:15', NULL, 5),
(38, 'Angostura', '2023-06-15 05:00:15', NULL, 5),
(39, 'Anolaima', '2023-06-15 05:00:15', NULL, 25),
(40, 'Anorí', '2023-06-15 05:00:15', NULL, 5),
(41, 'Anserma', '2023-06-15 05:00:15', NULL, 17),
(42, 'Ansermanuevo', '2023-06-15 05:00:15', NULL, 76),
(43, 'Anzoátegui', '2023-06-15 05:00:15', NULL, 73),
(44, 'Anzá', '2023-06-15 05:00:15', NULL, 5),
(45, 'Apartadó', '2023-06-15 05:00:15', NULL, 5),
(46, 'Apulo', '2023-06-15 05:00:15', NULL, 25),
(47, 'Apía', '2023-06-15 05:00:15', NULL, 66),
(48, 'Aquitania', '2023-06-15 05:00:15', NULL, 15),
(49, 'Aracataca', '2023-06-15 05:00:15', NULL, 47),
(50, 'Aranzazu', '2023-06-15 05:00:15', NULL, 17),
(51, 'Aratoca', '2023-06-15 05:00:15', NULL, 68),
(52, 'Arauca', '2023-06-15 05:00:15', NULL, 81),
(53, 'Arauquita', '2023-06-15 05:00:15', NULL, 81),
(54, 'Arbeláez', '2023-06-15 05:00:15', NULL, 25),
(55, 'Arboleda (Berruecos)', '2023-06-15 05:00:15', NULL, 52),
(56, 'Arboledas', '2023-06-15 05:00:15', NULL, 54),
(57, 'Arboletes', '2023-06-15 05:00:15', NULL, 5),
(58, 'Arcabuco', '2023-06-15 05:00:15', NULL, 15),
(59, 'Arenal', '2023-06-15 05:00:15', NULL, 13),
(60, 'Argelia', '2023-06-15 05:00:15', NULL, 5),
(61, 'Argelia', '2023-06-15 05:00:15', NULL, 19),
(62, 'Argelia', '2023-06-15 05:00:15', NULL, 76),
(63, 'Ariguaní (El Difícil)', '2023-06-15 05:00:15', NULL, 47),
(64, 'Arjona', '2023-06-15 05:00:15', NULL, 13),
(65, 'Armenia', '2023-06-15 05:00:15', NULL, 5),
(66, 'Armenia', '2023-06-15 05:00:15', NULL, 63),
(67, 'Armero (Guayabal)', '2023-06-15 05:00:15', NULL, 73),
(68, 'Arroyohondo', '2023-06-15 05:00:15', NULL, 13),
(69, 'Astrea', '2023-06-15 05:00:15', NULL, 20),
(70, 'Ataco', '2023-06-15 05:00:15', NULL, 73),
(71, 'Atrato (Yuto)', '2023-06-15 05:00:15', NULL, 27),
(72, 'Ayapel', '2023-06-15 05:00:15', NULL, 23),
(73, 'Bagadó', '2023-06-15 05:00:15', NULL, 27),
(74, 'Bahía Solano (Mútis)', '2023-06-15 05:00:15', NULL, 27),
(75, 'Bajo Baudó (Pizarro)', '2023-06-15 05:00:15', NULL, 27),
(76, 'Balboa', '2023-06-15 05:00:15', NULL, 19),
(77, 'Balboa', '2023-06-15 05:00:15', NULL, 66),
(78, 'Baranoa', '2023-06-15 05:00:15', NULL, 8),
(79, 'Baraya', '2023-06-15 05:00:15', NULL, 41),
(80, 'Barbacoas', '2023-06-15 05:00:15', NULL, 52),
(81, 'Barbosa', '2023-06-15 05:00:15', NULL, 5),
(82, 'Barbosa', '2023-06-15 05:00:15', NULL, 68),
(83, 'Barichara', '2023-06-15 05:00:15', NULL, 68),
(84, 'Barranca de Upía', '2023-06-15 05:00:15', NULL, 50),
(85, 'Barrancabermeja', '2023-06-15 05:00:15', NULL, 68),
(86, 'Barrancas', '2023-06-15 05:00:15', NULL, 44),
(87, 'Barranco de Loba', '2023-06-15 05:00:15', NULL, 13),
(88, 'Barranquilla', '2023-06-15 05:00:15', NULL, 8),
(89, 'Becerríl', '2023-06-15 05:00:15', NULL, 20),
(90, 'Belalcázar', '2023-06-15 05:00:15', NULL, 17),
(91, 'Bello', '2023-06-15 05:00:15', NULL, 5),
(92, 'Belmira', '2023-06-15 05:00:15', NULL, 5),
(93, 'Beltrán', '2023-06-15 05:00:15', NULL, 25),
(94, 'Belén', '2023-06-15 05:00:15', NULL, 15),
(95, 'Belén', '2023-06-15 05:00:15', NULL, 52),
(96, 'Belén de Bajirá', '2023-06-15 05:00:15', NULL, 27),
(97, 'Belén de Umbría', '2023-06-15 05:00:15', NULL, 66),
(98, 'Belén de los Andaquíes', '2023-06-15 05:00:15', NULL, 18),
(99, 'Berbeo', '2023-06-15 05:00:15', NULL, 15),
(100, 'Betania', '2023-06-15 05:00:15', NULL, 5),
(101, 'Beteitiva', '2023-06-15 05:00:15', NULL, 15),
(102, 'Betulia', '2023-06-15 05:00:15', NULL, 5),
(103, 'Betulia', '2023-06-15 05:00:15', NULL, 68),
(104, 'Bituima', '2023-06-15 05:00:15', NULL, 25),
(105, 'Boavita', '2023-06-15 05:00:15', NULL, 15),
(106, 'Bochalema', '2023-06-15 05:00:15', NULL, 54),
(107, 'Bogotá D.C.', '2023-06-15 05:00:15', NULL, 11),
(108, 'Bojacá', '2023-06-15 05:00:15', NULL, 25),
(109, 'Bojayá (Bellavista)', '2023-06-15 05:00:15', NULL, 27),
(110, 'Bolívar', '2023-06-15 05:00:15', NULL, 5),
(111, 'Bolívar', '2023-06-15 05:00:15', NULL, 19),
(112, 'Bolívar', '2023-06-15 05:00:15', NULL, 68),
(113, 'Bolívar', '2023-06-15 05:00:15', NULL, 76),
(114, 'Bosconia', '2023-06-15 05:00:15', NULL, 20),
(115, 'Boyacá', '2023-06-15 05:00:15', NULL, 15),
(116, 'Briceño', '2023-06-15 05:00:15', NULL, 5),
(117, 'Briceño', '2023-06-15 05:00:15', NULL, 15),
(118, 'Bucaramanga', '2023-06-15 05:00:15', NULL, 68),
(119, 'Bucarasica', '2023-06-15 05:00:15', NULL, 54),
(120, 'Buenaventura', '2023-06-15 05:00:15', NULL, 76),
(121, 'Buenavista', '2023-06-15 05:00:15', NULL, 15),
(122, 'Buenavista', '2023-06-15 05:00:15', NULL, 23),
(123, 'Buenavista', '2023-06-15 05:00:15', NULL, 63),
(124, 'Buenavista', '2023-06-15 05:00:15', NULL, 70),
(125, 'Buenos Aires', '2023-06-15 05:00:15', NULL, 19),
(126, 'Buesaco', '2023-06-15 05:00:15', NULL, 52),
(127, 'Buga', '2023-06-15 05:00:15', NULL, 76),
(128, 'Bugalagrande', '2023-06-15 05:00:15', NULL, 76),
(129, 'Burítica', '2023-06-15 05:00:15', NULL, 5),
(130, 'Busbanza', '2023-06-15 05:00:15', NULL, 15),
(131, 'Cabrera', '2023-06-15 05:00:15', NULL, 25),
(132, 'Cabrera', '2023-06-15 05:00:15', NULL, 68),
(133, 'Cabuyaro', '2023-06-15 05:00:15', NULL, 50),
(134, 'Cachipay', '2023-06-15 05:00:15', NULL, 25),
(135, 'Caicedo', '2023-06-15 05:00:15', NULL, 5),
(136, 'Caicedonia', '2023-06-15 05:00:15', NULL, 76),
(137, 'Caimito', '2023-06-15 05:00:15', NULL, 70),
(138, 'Cajamarca', '2023-06-15 05:00:15', NULL, 73),
(139, 'Cajibío', '2023-06-15 05:00:15', NULL, 19),
(140, 'Cajicá', '2023-06-15 05:00:15', NULL, 25),
(141, 'Calamar', '2023-06-15 05:00:15', NULL, 13),
(142, 'Calamar', '2023-06-15 05:00:15', NULL, 95),
(143, 'Calarcá', '2023-06-15 05:00:15', NULL, 63),
(144, 'Caldas', '2023-06-15 05:00:15', NULL, 5),
(145, 'Caldas', '2023-06-15 05:00:15', NULL, 15),
(146, 'Caldono', '2023-06-15 05:00:15', NULL, 19),
(147, 'California', '2023-06-15 05:00:15', NULL, 68),
(148, 'Calima (Darién)', '2023-06-15 05:00:15', NULL, 76),
(149, 'Caloto', '2023-06-15 05:00:15', NULL, 19),
(150, 'Calí', '2023-06-15 05:00:15', NULL, 76),
(151, 'Campamento', '2023-06-15 05:00:15', NULL, 5),
(152, 'Campo de la Cruz', '2023-06-15 05:00:15', NULL, 8),
(153, 'Campoalegre', '2023-06-15 05:00:15', NULL, 41),
(154, 'Campohermoso', '2023-06-15 05:00:15', NULL, 15),
(155, 'Canalete', '2023-06-15 05:00:15', NULL, 23),
(156, 'Candelaria', '2023-06-15 05:00:15', NULL, 8),
(157, 'Candelaria', '2023-06-15 05:00:15', NULL, 76),
(158, 'Cantagallo', '2023-06-15 05:00:15', NULL, 13),
(159, 'Cantón de San Pablo', '2023-06-15 05:00:15', NULL, 27),
(160, 'Caparrapí', '2023-06-15 05:00:15', NULL, 25),
(161, 'Capitanejo', '2023-06-15 05:00:15', NULL, 68),
(162, 'Caracolí', '2023-06-15 05:00:15', NULL, 5),
(163, 'Caramanta', '2023-06-15 05:00:15', NULL, 5),
(164, 'Carcasí', '2023-06-15 05:00:15', NULL, 68),
(165, 'Carepa', '2023-06-15 05:00:15', NULL, 5),
(166, 'Carmen de Apicalá', '2023-06-15 05:00:15', NULL, 73),
(167, 'Carmen de Carupa', '2023-06-15 05:00:15', NULL, 25),
(168, 'Carmen de Viboral', '2023-06-15 05:00:15', NULL, 5),
(169, 'Carmen del Darién (CURBARADÓ)', '2023-06-15 05:00:15', NULL, 27),
(170, 'Carolina', '2023-06-15 05:00:15', NULL, 5),
(171, 'Cartagena', '2023-06-15 05:00:15', NULL, 13),
(172, 'Cartagena del Chairá', '2023-06-15 05:00:15', NULL, 18),
(173, 'Cartago', '2023-06-15 05:00:15', NULL, 76),
(174, 'Carurú', '2023-06-15 05:00:15', NULL, 97),
(175, 'Casabianca', '2023-06-15 05:00:15', NULL, 73),
(176, 'Castilla la Nueva', '2023-06-15 05:00:15', NULL, 50),
(177, 'Caucasia', '2023-06-15 05:00:15', NULL, 5),
(178, 'Cañasgordas', '2023-06-15 05:00:15', NULL, 5),
(179, 'Cepita', '2023-06-15 05:00:15', NULL, 68),
(180, 'Cereté', '2023-06-15 05:00:15', NULL, 23),
(181, 'Cerinza', '2023-06-15 05:00:15', NULL, 15),
(182, 'Cerrito', '2023-06-15 05:00:15', NULL, 68),
(183, 'Cerro San Antonio', '2023-06-15 05:00:15', NULL, 47),
(184, 'Chachaguí', '2023-06-15 05:00:15', NULL, 52),
(185, 'Chaguaní', '2023-06-15 05:00:15', NULL, 25),
(186, 'Chalán', '2023-06-15 05:00:15', NULL, 70),
(187, 'Chaparral', '2023-06-15 05:00:15', NULL, 73),
(188, 'Charalá', '2023-06-15 05:00:15', NULL, 68),
(189, 'Charta', '2023-06-15 05:00:15', NULL, 68),
(190, 'Chigorodó', '2023-06-15 05:00:15', NULL, 5),
(191, 'Chima', '2023-06-15 05:00:15', NULL, 68),
(192, 'Chimichagua', '2023-06-15 05:00:15', NULL, 20),
(193, 'Chimá', '2023-06-15 05:00:15', NULL, 23),
(194, 'Chinavita', '2023-06-15 05:00:15', NULL, 15),
(195, 'Chinchiná', '2023-06-15 05:00:15', NULL, 17),
(196, 'Chinácota', '2023-06-15 05:00:15', NULL, 54),
(197, 'Chinú', '2023-06-15 05:00:15', NULL, 23),
(198, 'Chipaque', '2023-06-15 05:00:15', NULL, 25),
(199, 'Chipatá', '2023-06-15 05:00:15', NULL, 68),
(200, 'Chiquinquirá', '2023-06-15 05:00:15', NULL, 15),
(201, 'Chiriguaná', '2023-06-15 05:00:15', NULL, 20),
(202, 'Chiscas', '2023-06-15 05:00:15', NULL, 15),
(203, 'Chita', '2023-06-15 05:00:15', NULL, 15),
(204, 'Chitagá', '2023-06-15 05:00:15', NULL, 54),
(205, 'Chitaraque', '2023-06-15 05:00:15', NULL, 15),
(206, 'Chivatá', '2023-06-15 05:00:15', NULL, 15),
(207, 'Chivolo', '2023-06-15 05:00:15', NULL, 47),
(208, 'Choachí', '2023-06-15 05:00:15', NULL, 25),
(209, 'Chocontá', '2023-06-15 05:00:15', NULL, 25),
(210, 'Chámeza', '2023-06-15 05:00:15', NULL, 85),
(211, 'Chía', '2023-06-15 05:00:15', NULL, 25),
(212, 'Chíquiza', '2023-06-15 05:00:15', NULL, 15),
(213, 'Chívor', '2023-06-15 05:00:15', NULL, 15),
(214, 'Cicuco', '2023-06-15 05:00:15', NULL, 13),
(215, 'Cimitarra', '2023-06-15 05:00:15', NULL, 68),
(216, 'Circasia', '2023-06-15 05:00:15', NULL, 63),
(217, 'Cisneros', '2023-06-15 05:00:15', NULL, 5),
(218, 'Ciénaga', '2023-06-15 05:00:15', NULL, 15),
(219, 'Ciénaga', '2023-06-15 05:00:15', NULL, 47),
(220, 'Ciénaga de Oro', '2023-06-15 05:00:15', NULL, 23),
(221, 'Clemencia', '2023-06-15 05:00:15', NULL, 13),
(222, 'Cocorná', '2023-06-15 05:00:15', NULL, 5),
(223, 'Coello', '2023-06-15 05:00:15', NULL, 73),
(224, 'Cogua', '2023-06-15 05:00:15', NULL, 25),
(225, 'Colombia', '2023-06-15 05:00:15', NULL, 41),
(226, 'Colosó (Ricaurte)', '2023-06-15 05:00:15', NULL, 70),
(227, 'Colón', '2023-06-15 05:00:15', NULL, 86),
(228, 'Colón (Génova)', '2023-06-15 05:00:15', NULL, 52),
(229, 'Concepción', '2023-06-15 05:00:15', NULL, 5),
(230, 'Concepción', '2023-06-15 05:00:15', NULL, 68),
(231, 'Concordia', '2023-06-15 05:00:15', NULL, 5),
(232, 'Concordia', '2023-06-15 05:00:15', NULL, 47),
(233, 'Condoto', '2023-06-15 05:00:15', NULL, 27),
(234, 'Confines', '2023-06-15 05:00:15', NULL, 68),
(235, 'Consaca', '2023-06-15 05:00:15', NULL, 52),
(236, 'Contadero', '2023-06-15 05:00:15', NULL, 52),
(237, 'Contratación', '2023-06-15 05:00:15', NULL, 68),
(238, 'Convención', '2023-06-15 05:00:15', NULL, 54),
(239, 'Copacabana', '2023-06-15 05:00:15', NULL, 5),
(240, 'Coper', '2023-06-15 05:00:15', NULL, 15),
(241, 'Cordobá', '2023-06-15 05:00:15', NULL, 63),
(242, 'Corinto', '2023-06-15 05:00:15', NULL, 19),
(243, 'Coromoro', '2023-06-15 05:00:15', NULL, 68),
(244, 'Corozal', '2023-06-15 05:00:15', NULL, 70),
(245, 'Corrales', '2023-06-15 05:00:15', NULL, 15),
(246, 'Cota', '2023-06-15 05:00:15', NULL, 25),
(247, 'Cotorra', '2023-06-15 05:00:15', NULL, 23),
(248, 'Covarachía', '2023-06-15 05:00:15', NULL, 15),
(249, 'Coveñas', '2023-06-15 05:00:15', NULL, 70),
(250, 'Coyaima', '2023-06-15 05:00:15', NULL, 73),
(251, 'Cravo Norte', '2023-06-15 05:00:15', NULL, 81),
(252, 'Cuaspud (Carlosama)', '2023-06-15 05:00:15', NULL, 52),
(253, 'Cubarral', '2023-06-15 05:00:15', NULL, 50),
(254, 'Cubará', '2023-06-15 05:00:15', NULL, 15),
(255, 'Cucaita', '2023-06-15 05:00:15', NULL, 15),
(256, 'Cucunubá', '2023-06-15 05:00:15', NULL, 25),
(257, 'Cucutilla', '2023-06-15 05:00:15', NULL, 54),
(258, 'Cuitiva', '2023-06-15 05:00:15', NULL, 15),
(259, 'Cumaral', '2023-06-15 05:00:15', NULL, 50),
(260, 'Cumaribo', '2023-06-15 05:00:15', NULL, 99),
(261, 'Cumbal', '2023-06-15 05:00:15', NULL, 52),
(262, 'Cumbitara', '2023-06-15 05:00:15', NULL, 52),
(263, 'Cunday', '2023-06-15 05:00:15', NULL, 73),
(264, 'Curillo', '2023-06-15 05:00:15', NULL, 18),
(265, 'Curití', '2023-06-15 05:00:15', NULL, 68),
(266, 'Curumaní', '2023-06-15 05:00:15', NULL, 20),
(267, 'Cáceres', '2023-06-15 05:00:15', NULL, 5),
(268, 'Cáchira', '2023-06-15 05:00:15', NULL, 54),
(269, 'Cácota', '2023-06-15 05:00:15', NULL, 54),
(270, 'Cáqueza', '2023-06-15 05:00:15', NULL, 25),
(271, 'Cértegui', '2023-06-15 05:00:15', NULL, 27),
(272, 'Cómbita', '2023-06-15 05:00:15', NULL, 15),
(273, 'Córdoba', '2023-06-15 05:00:15', NULL, 13),
(274, 'Córdoba', '2023-06-15 05:00:15', NULL, 52),
(275, 'Cúcuta', '2023-06-15 05:00:15', NULL, 54),
(276, 'Dabeiba', '2023-06-15 05:00:15', NULL, 5),
(277, 'Dagua', '2023-06-15 05:00:15', NULL, 76),
(278, 'Dibulla', '2023-06-15 05:00:15', NULL, 44),
(279, 'Distracción', '2023-06-15 05:00:15', NULL, 44),
(280, 'Dolores', '2023-06-15 05:00:15', NULL, 73),
(281, 'Don Matías', '2023-06-15 05:00:15', NULL, 5),
(282, 'Dos Quebradas', '2023-06-15 05:00:15', NULL, 66),
(283, 'Duitama', '2023-06-15 05:00:15', NULL, 15),
(284, 'Durania', '2023-06-15 05:00:15', NULL, 54),
(285, 'Ebéjico', '2023-06-15 05:00:15', NULL, 5),
(286, 'El Bagre', '2023-06-15 05:00:15', NULL, 5),
(287, 'El Banco', '2023-06-15 05:00:15', NULL, 47),
(288, 'El Cairo', '2023-06-15 05:00:15', NULL, 76),
(289, 'El Calvario', '2023-06-15 05:00:15', NULL, 50),
(290, 'El Carmen', '2023-06-15 05:00:15', NULL, 54),
(291, 'El Carmen', '2023-06-15 05:00:15', NULL, 68),
(292, 'El Carmen de Atrato', '2023-06-15 05:00:15', NULL, 27),
(293, 'El Carmen de Bolívar', '2023-06-15 05:00:15', NULL, 13),
(294, 'El Castillo', '2023-06-15 05:00:15', NULL, 50),
(295, 'El Cerrito', '2023-06-15 05:00:15', NULL, 76),
(296, 'El Charco', '2023-06-15 05:00:15', NULL, 52),
(297, 'El Cocuy', '2023-06-15 05:00:15', NULL, 15),
(298, 'El Colegio', '2023-06-15 05:00:15', NULL, 25),
(299, 'El Copey', '2023-06-15 05:00:15', NULL, 20),
(300, 'El Doncello', '2023-06-15 05:00:15', NULL, 18),
(301, 'El Dorado', '2023-06-15 05:00:15', NULL, 50),
(302, 'El Dovio', '2023-06-15 05:00:15', NULL, 76),
(303, 'El Espino', '2023-06-15 05:00:15', NULL, 15),
(304, 'El Guacamayo', '2023-06-15 05:00:15', NULL, 68),
(305, 'El Guamo', '2023-06-15 05:00:15', NULL, 13),
(306, 'El Molino', '2023-06-15 05:00:15', NULL, 44),
(307, 'El Paso', '2023-06-15 05:00:15', NULL, 20),
(308, 'El Paujil', '2023-06-15 05:00:15', NULL, 18),
(309, 'El Peñol', '2023-06-15 05:00:15', NULL, 52),
(310, 'El Peñon', '2023-06-15 05:00:15', NULL, 13),
(311, 'El Peñon', '2023-06-15 05:00:15', NULL, 68),
(312, 'El Peñón', '2023-06-15 05:00:15', NULL, 25),
(313, 'El Piñon', '2023-06-15 05:00:15', NULL, 47),
(314, 'El Playón', '2023-06-15 05:00:15', NULL, 68),
(315, 'El Retorno', '2023-06-15 05:00:15', NULL, 95),
(316, 'El Retén', '2023-06-15 05:00:15', NULL, 47),
(317, 'El Roble', '2023-06-15 05:00:15', NULL, 70),
(318, 'El Rosal', '2023-06-15 05:00:15', NULL, 25),
(319, 'El Rosario', '2023-06-15 05:00:15', NULL, 52),
(320, 'El Tablón de Gómez', '2023-06-15 05:00:15', NULL, 52),
(321, 'El Tambo', '2023-06-15 05:00:15', NULL, 19),
(322, 'El Tambo', '2023-06-15 05:00:15', NULL, 52),
(323, 'El Tarra', '2023-06-15 05:00:15', NULL, 54),
(324, 'El Zulia', '2023-06-15 05:00:15', NULL, 54),
(325, 'El Águila', '2023-06-15 05:00:15', NULL, 76),
(326, 'Elías', '2023-06-15 05:00:15', NULL, 41),
(327, 'Encino', '2023-06-15 05:00:15', NULL, 68),
(328, 'Enciso', '2023-06-15 05:00:15', NULL, 68),
(329, 'Entrerríos', '2023-06-15 05:00:15', NULL, 5),
(330, 'Envigado', '2023-06-15 05:00:15', NULL, 5),
(331, 'Espinal', '2023-06-15 05:00:15', NULL, 73),
(332, 'Facatativá', '2023-06-15 05:00:15', NULL, 25),
(333, 'Falan', '2023-06-15 05:00:15', NULL, 73),
(334, 'Filadelfia', '2023-06-15 05:00:15', NULL, 17),
(335, 'Filandia', '2023-06-15 05:00:15', NULL, 63),
(336, 'Firavitoba', '2023-06-15 05:00:15', NULL, 15),
(337, 'Flandes', '2023-06-15 05:00:15', NULL, 73),
(338, 'Florencia', '2023-06-15 05:00:15', NULL, 18),
(339, 'Florencia', '2023-06-15 05:00:15', NULL, 19),
(340, 'Floresta', '2023-06-15 05:00:15', NULL, 15),
(341, 'Florida', '2023-06-15 05:00:15', NULL, 76),
(342, 'Floridablanca', '2023-06-15 05:00:15', NULL, 68),
(343, 'Florián', '2023-06-15 05:00:15', NULL, 68),
(344, 'Fonseca', '2023-06-15 05:00:15', NULL, 44),
(345, 'Fortúl', '2023-06-15 05:00:15', NULL, 81),
(346, 'Fosca', '2023-06-15 05:00:15', NULL, 25),
(347, 'Francisco Pizarro', '2023-06-15 05:00:15', NULL, 52),
(348, 'Fredonia', '2023-06-15 05:00:15', NULL, 5),
(349, 'Fresno', '2023-06-15 05:00:15', NULL, 73),
(350, 'Frontino', '2023-06-15 05:00:15', NULL, 5),
(351, 'Fuente de Oro', '2023-06-15 05:00:15', NULL, 50),
(352, 'Fundación', '2023-06-15 05:00:15', NULL, 47),
(353, 'Funes', '2023-06-15 05:00:15', NULL, 52),
(354, 'Funza', '2023-06-15 05:00:15', NULL, 25),
(355, 'Fusagasugá', '2023-06-15 05:00:15', NULL, 25),
(356, 'Fómeque', '2023-06-15 05:00:15', NULL, 25),
(357, 'Fúquene', '2023-06-15 05:00:15', NULL, 25),
(358, 'Gachalá', '2023-06-15 05:00:15', NULL, 25),
(359, 'Gachancipá', '2023-06-15 05:00:15', NULL, 25),
(360, 'Gachantivá', '2023-06-15 05:00:15', NULL, 15),
(361, 'Gachetá', '2023-06-15 05:00:15', NULL, 25),
(362, 'Galapa', '2023-06-15 05:00:15', NULL, 8),
(363, 'Galeras (Nueva Granada)', '2023-06-15 05:00:15', NULL, 70),
(364, 'Galán', '2023-06-15 05:00:15', NULL, 68),
(365, 'Gama', '2023-06-15 05:00:15', NULL, 25),
(366, 'Gamarra', '2023-06-15 05:00:15', NULL, 20),
(367, 'Garagoa', '2023-06-15 05:00:15', NULL, 15),
(368, 'Garzón', '2023-06-15 05:00:15', NULL, 41),
(369, 'Gigante', '2023-06-15 05:00:15', NULL, 41),
(370, 'Ginebra', '2023-06-15 05:00:15', NULL, 76),
(371, 'Giraldo', '2023-06-15 05:00:15', NULL, 5),
(372, 'Girardot', '2023-06-15 05:00:15', NULL, 25),
(373, 'Girardota', '2023-06-15 05:00:15', NULL, 5),
(374, 'Girón', '2023-06-15 05:00:15', NULL, 68),
(375, 'Gonzalez', '2023-06-15 05:00:15', NULL, 20),
(376, 'Gramalote', '2023-06-15 05:00:15', NULL, 54),
(377, 'Granada', '2023-06-15 05:00:15', NULL, 5),
(378, 'Granada', '2023-06-15 05:00:15', NULL, 25),
(379, 'Granada', '2023-06-15 05:00:15', NULL, 50),
(380, 'Guaca', '2023-06-15 05:00:15', NULL, 68),
(381, 'Guacamayas', '2023-06-15 05:00:15', NULL, 15),
(382, 'Guacarí', '2023-06-15 05:00:15', NULL, 76),
(383, 'Guachavés', '2023-06-15 05:00:15', NULL, 52),
(384, 'Guachené', '2023-06-15 05:00:15', NULL, 19),
(385, 'Guachetá', '2023-06-15 05:00:15', NULL, 25),
(386, 'Guachucal', '2023-06-15 05:00:15', NULL, 52),
(387, 'Guadalupe', '2023-06-15 05:00:15', NULL, 5),
(388, 'Guadalupe', '2023-06-15 05:00:15', NULL, 41),
(389, 'Guadalupe', '2023-06-15 05:00:15', NULL, 68),
(390, 'Guaduas', '2023-06-15 05:00:15', NULL, 25),
(391, 'Guaitarilla', '2023-06-15 05:00:15', NULL, 52),
(392, 'Gualmatán', '2023-06-15 05:00:15', NULL, 52),
(393, 'Guamal', '2023-06-15 05:00:15', NULL, 47),
(394, 'Guamal', '2023-06-15 05:00:15', NULL, 50),
(395, 'Guamo', '2023-06-15 05:00:15', NULL, 73),
(396, 'Guapota', '2023-06-15 05:00:15', NULL, 68),
(397, 'Guapí', '2023-06-15 05:00:15', NULL, 19),
(398, 'Guaranda', '2023-06-15 05:00:15', NULL, 70),
(399, 'Guarne', '2023-06-15 05:00:15', NULL, 5),
(400, 'Guasca', '2023-06-15 05:00:15', NULL, 25),
(401, 'Guatapé', '2023-06-15 05:00:15', NULL, 5),
(402, 'Guataquí', '2023-06-15 05:00:15', NULL, 25),
(403, 'Guatavita', '2023-06-15 05:00:15', NULL, 25),
(404, 'Guateque', '2023-06-15 05:00:15', NULL, 15),
(405, 'Guavatá', '2023-06-15 05:00:15', NULL, 68),
(406, 'Guayabal de Siquima', '2023-06-15 05:00:15', NULL, 25),
(407, 'Guayabetal', '2023-06-15 05:00:15', NULL, 25),
(408, 'Guayatá', '2023-06-15 05:00:15', NULL, 15),
(409, 'Guepsa', '2023-06-15 05:00:15', NULL, 68),
(410, 'Guicán', '2023-06-15 05:00:15', NULL, 15),
(411, 'Gutiérrez', '2023-06-15 05:00:15', NULL, 25),
(412, 'Guática', '2023-06-15 05:00:15', NULL, 66),
(413, 'Gámbita', '2023-06-15 05:00:15', NULL, 68),
(414, 'Gámeza', '2023-06-15 05:00:15', NULL, 15),
(415, 'Génova', '2023-06-15 05:00:15', NULL, 63),
(416, 'Gómez Plata', '2023-06-15 05:00:15', NULL, 5),
(417, 'Hacarí', '2023-06-15 05:00:15', NULL, 54),
(418, 'Hatillo de Loba', '2023-06-15 05:00:15', NULL, 13),
(419, 'Hato', '2023-06-15 05:00:15', NULL, 68),
(420, 'Hato Corozal', '2023-06-15 05:00:15', NULL, 85),
(421, 'Hatonuevo', '2023-06-15 05:00:15', NULL, 44),
(422, 'Heliconia', '2023-06-15 05:00:15', NULL, 5),
(423, 'Herrán', '2023-06-15 05:00:15', NULL, 54),
(424, 'Herveo', '2023-06-15 05:00:15', NULL, 73),
(425, 'Hispania', '2023-06-15 05:00:15', NULL, 5),
(426, 'Hobo', '2023-06-15 05:00:15', NULL, 41),
(427, 'Honda', '2023-06-15 05:00:15', NULL, 73),
(428, 'Ibagué', '2023-06-15 05:00:15', NULL, 73),
(429, 'Icononzo', '2023-06-15 05:00:15', NULL, 73),
(430, 'Iles', '2023-06-15 05:00:15', NULL, 52),
(431, 'Imúes', '2023-06-15 05:00:15', NULL, 52),
(432, 'Inzá', '2023-06-15 05:00:15', NULL, 19),
(433, 'Inírida', '2023-06-15 05:00:15', NULL, 94),
(434, 'Ipiales', '2023-06-15 05:00:15', NULL, 52),
(435, 'Isnos', '2023-06-15 05:00:15', NULL, 41),
(436, 'Istmina', '2023-06-15 05:00:15', NULL, 27),
(437, 'Itagüí', '2023-06-15 05:00:15', NULL, 5),
(438, 'Ituango', '2023-06-15 05:00:15', NULL, 5),
(439, 'Izá', '2023-06-15 05:00:15', NULL, 15),
(440, 'Jambaló', '2023-06-15 05:00:15', NULL, 19),
(441, 'Jamundí', '2023-06-15 05:00:15', NULL, 76),
(442, 'Jardín', '2023-06-15 05:00:15', NULL, 5),
(443, 'Jenesano', '2023-06-15 05:00:15', NULL, 15),
(444, 'Jericó', '2023-06-15 05:00:15', NULL, 5),
(445, 'Jericó', '2023-06-15 05:00:15', NULL, 15),
(446, 'Jerusalén', '2023-06-15 05:00:15', NULL, 25),
(447, 'Jesús María', '2023-06-15 05:00:15', NULL, 68),
(448, 'Jordán', '2023-06-15 05:00:15', NULL, 68),
(449, 'Juan de Acosta', '2023-06-15 05:00:15', NULL, 8),
(450, 'Junín', '2023-06-15 05:00:15', NULL, 25),
(451, 'Juradó', '2023-06-15 05:00:15', NULL, 27),
(452, 'La Apartada y La Frontera', '2023-06-15 05:00:15', NULL, 23),
(453, 'La Argentina', '2023-06-15 05:00:15', NULL, 41),
(454, 'La Belleza', '2023-06-15 05:00:15', NULL, 68),
(455, 'La Calera', '2023-06-15 05:00:15', NULL, 25),
(456, 'La Capilla', '2023-06-15 05:00:15', NULL, 15),
(457, 'La Ceja', '2023-06-15 05:00:15', NULL, 5),
(458, 'La Celia', '2023-06-15 05:00:15', NULL, 66),
(459, 'La Cruz', '2023-06-15 05:00:15', NULL, 52),
(460, 'La Cumbre', '2023-06-15 05:00:15', NULL, 76),
(461, 'La Dorada', '2023-06-15 05:00:15', NULL, 17),
(462, 'La Esperanza', '2023-06-15 05:00:15', NULL, 54),
(463, 'La Estrella', '2023-06-15 05:00:15', NULL, 5),
(464, 'La Florida', '2023-06-15 05:00:15', NULL, 52),
(465, 'La Gloria', '2023-06-15 05:00:15', NULL, 20),
(466, 'La Jagua de Ibirico', '2023-06-15 05:00:15', NULL, 20),
(467, 'La Jagua del Pilar', '2023-06-15 05:00:15', NULL, 44),
(468, 'La Llanada', '2023-06-15 05:00:15', NULL, 52),
(469, 'La Macarena', '2023-06-15 05:00:15', NULL, 50),
(470, 'La Merced', '2023-06-15 05:00:15', NULL, 17),
(471, 'La Mesa', '2023-06-15 05:00:15', NULL, 25),
(472, 'La Montañita', '2023-06-15 05:00:15', NULL, 18),
(473, 'La Palma', '2023-06-15 05:00:15', NULL, 25),
(474, 'La Paz', '2023-06-15 05:00:15', NULL, 68),
(475, 'La Paz (Robles)', '2023-06-15 05:00:15', NULL, 20),
(476, 'La Peña', '2023-06-15 05:00:15', NULL, 25),
(477, 'La Pintada', '2023-06-15 05:00:15', NULL, 5),
(478, 'La Plata', '2023-06-15 05:00:15', NULL, 41),
(479, 'La Playa', '2023-06-15 05:00:15', NULL, 54),
(480, 'La Primavera', '2023-06-15 05:00:15', NULL, 99),
(481, 'La Salina', '2023-06-15 05:00:15', NULL, 85),
(482, 'La Sierra', '2023-06-15 05:00:15', NULL, 19),
(483, 'La Tebaida', '2023-06-15 05:00:15', NULL, 63),
(484, 'La Tola', '2023-06-15 05:00:15', NULL, 52),
(485, 'La Unión', '2023-06-15 05:00:15', NULL, 5),
(486, 'La Unión', '2023-06-15 05:00:15', NULL, 52),
(487, 'La Unión', '2023-06-15 05:00:15', NULL, 70),
(488, 'La Unión', '2023-06-15 05:00:15', NULL, 76),
(489, 'La Uvita', '2023-06-15 05:00:15', NULL, 15),
(490, 'La Vega', '2023-06-15 05:00:15', NULL, 19),
(491, 'La Vega', '2023-06-15 05:00:15', NULL, 25),
(492, 'La Victoria', '2023-06-15 05:00:15', NULL, 15),
(493, 'La Victoria', '2023-06-15 05:00:15', NULL, 17),
(494, 'La Victoria', '2023-06-15 05:00:15', NULL, 76),
(495, 'La Virginia', '2023-06-15 05:00:15', NULL, 66),
(496, 'Labateca', '2023-06-15 05:00:15', NULL, 54),
(497, 'Labranzagrande', '2023-06-15 05:00:15', NULL, 15),
(498, 'Landázuri', '2023-06-15 05:00:15', NULL, 68),
(499, 'Lebrija', '2023-06-15 05:00:15', NULL, 68),
(500, 'Leiva', '2023-06-15 05:00:15', NULL, 52),
(501, 'Lejanías', '2023-06-15 05:00:15', NULL, 50),
(502, 'Lenguazaque', '2023-06-15 05:00:15', NULL, 25),
(503, 'Leticia', '2023-06-15 05:00:15', NULL, 91),
(504, 'Liborina', '2023-06-15 05:00:15', NULL, 5),
(505, 'Linares', '2023-06-15 05:00:15', NULL, 52),
(506, 'Lloró', '2023-06-15 05:00:15', NULL, 27),
(507, 'Lorica', '2023-06-15 05:00:15', NULL, 23),
(508, 'Los Córdobas', '2023-06-15 05:00:15', NULL, 23),
(509, 'Los Palmitos', '2023-06-15 05:00:15', NULL, 70),
(510, 'Los Patios', '2023-06-15 05:00:15', NULL, 54),
(511, 'Los Santos', '2023-06-15 05:00:15', NULL, 68),
(512, 'Lourdes', '2023-06-15 05:00:15', NULL, 54),
(513, 'Luruaco', '2023-06-15 05:00:15', NULL, 8),
(514, 'Lérida', '2023-06-15 05:00:15', NULL, 73),
(515, 'Líbano', '2023-06-15 05:00:15', NULL, 73),
(516, 'López (Micay)', '2023-06-15 05:00:15', NULL, 19),
(517, 'Macanal', '2023-06-15 05:00:15', NULL, 15),
(518, 'Macaravita', '2023-06-15 05:00:15', NULL, 68),
(519, 'Maceo', '2023-06-15 05:00:15', NULL, 5),
(520, 'Machetá', '2023-06-15 05:00:15', NULL, 25),
(521, 'Madrid', '2023-06-15 05:00:15', NULL, 25),
(522, 'Magangué', '2023-06-15 05:00:15', NULL, 13),
(523, 'Magüi (Payán)', '2023-06-15 05:00:15', NULL, 52),
(524, 'Mahates', '2023-06-15 05:00:15', NULL, 13),
(525, 'Maicao', '2023-06-15 05:00:15', NULL, 44),
(526, 'Majagual', '2023-06-15 05:00:15', NULL, 70),
(527, 'Malambo', '2023-06-15 05:00:15', NULL, 8),
(528, 'Mallama (Piedrancha)', '2023-06-15 05:00:15', NULL, 52),
(529, 'Manatí', '2023-06-15 05:00:15', NULL, 8),
(530, 'Manaure', '2023-06-15 05:00:15', NULL, 44),
(531, 'Manaure Balcón del Cesar', '2023-06-15 05:00:15', NULL, 20),
(532, 'Manizales', '2023-06-15 05:00:15', NULL, 17),
(533, 'Manta', '2023-06-15 05:00:15', NULL, 25),
(534, 'Manzanares', '2023-06-15 05:00:15', NULL, 17),
(535, 'Maní', '2023-06-15 05:00:15', NULL, 85),
(536, 'Mapiripan', '2023-06-15 05:00:15', NULL, 50),
(537, 'Margarita', '2023-06-15 05:00:15', NULL, 13),
(538, 'Marinilla', '2023-06-15 05:00:15', NULL, 5),
(539, 'Maripí', '2023-06-15 05:00:15', NULL, 15),
(540, 'Mariquita', '2023-06-15 05:00:15', NULL, 73),
(541, 'Marmato', '2023-06-15 05:00:15', NULL, 17),
(542, 'Marquetalia', '2023-06-15 05:00:15', NULL, 17),
(543, 'Marsella', '2023-06-15 05:00:15', NULL, 66),
(544, 'Marulanda', '2023-06-15 05:00:15', NULL, 17),
(545, 'María la Baja', '2023-06-15 05:00:15', NULL, 13),
(546, 'Matanza', '2023-06-15 05:00:15', NULL, 68),
(547, 'Medellín', '2023-06-15 05:00:15', NULL, 5),
(548, 'Medina', '2023-06-15 05:00:15', NULL, 25),
(549, 'Medio Atrato', '2023-06-15 05:00:15', NULL, 27),
(550, 'Medio Baudó', '2023-06-15 05:00:15', NULL, 27),
(551, 'Medio San Juan (ANDAGOYA)', '2023-06-15 05:00:15', NULL, 27),
(552, 'Melgar', '2023-06-15 05:00:15', NULL, 73),
(553, 'Mercaderes', '2023-06-15 05:00:15', NULL, 19),
(554, 'Mesetas', '2023-06-15 05:00:15', NULL, 50),
(555, 'Milán', '2023-06-15 05:00:15', NULL, 18),
(556, 'Miraflores', '2023-06-15 05:00:15', NULL, 15),
(557, 'Miraflores', '2023-06-15 05:00:15', NULL, 95),
(558, 'Miranda', '2023-06-15 05:00:15', NULL, 19),
(559, 'Mistrató', '2023-06-15 05:00:15', NULL, 66),
(560, 'Mitú', '2023-06-15 05:00:15', NULL, 97),
(561, 'Mocoa', '2023-06-15 05:00:15', NULL, 86),
(562, 'Mogotes', '2023-06-15 05:00:15', NULL, 68),
(563, 'Molagavita', '2023-06-15 05:00:15', NULL, 68),
(564, 'Momil', '2023-06-15 05:00:15', NULL, 23),
(565, 'Mompós', '2023-06-15 05:00:15', NULL, 13),
(566, 'Mongua', '2023-06-15 05:00:15', NULL, 15),
(567, 'Monguí', '2023-06-15 05:00:15', NULL, 15),
(568, 'Moniquirá', '2023-06-15 05:00:15', NULL, 15),
(569, 'Montebello', '2023-06-15 05:00:15', NULL, 5),
(570, 'Montecristo', '2023-06-15 05:00:15', NULL, 13),
(571, 'Montelíbano', '2023-06-15 05:00:15', NULL, 23),
(572, 'Montenegro', '2023-06-15 05:00:15', NULL, 63),
(573, 'Monteria', '2023-06-15 05:00:15', NULL, 23),
(574, 'Monterrey', '2023-06-15 05:00:15', NULL, 85),
(575, 'Morales', '2023-06-15 05:00:15', NULL, 13),
(576, 'Morales', '2023-06-15 05:00:15', NULL, 19),
(577, 'Morelia', '2023-06-15 05:00:15', NULL, 18),
(578, 'Morroa', '2023-06-15 05:00:15', NULL, 70),
(579, 'Mosquera', '2023-06-15 05:00:15', NULL, 25),
(580, 'Mosquera', '2023-06-15 05:00:15', NULL, 52),
(581, 'Motavita', '2023-06-15 05:00:15', NULL, 15),
(582, 'Moñitos', '2023-06-15 05:00:15', NULL, 23),
(583, 'Murillo', '2023-06-15 05:00:15', NULL, 73),
(584, 'Murindó', '2023-06-15 05:00:15', NULL, 5),
(585, 'Mutatá', '2023-06-15 05:00:15', NULL, 5),
(586, 'Mutiscua', '2023-06-15 05:00:15', NULL, 54),
(587, 'Muzo', '2023-06-15 05:00:15', NULL, 15),
(588, 'Málaga', '2023-06-15 05:00:15', NULL, 68),
(589, 'Nariño', '2023-06-15 05:00:15', NULL, 5),
(590, 'Nariño', '2023-06-15 05:00:15', NULL, 25),
(591, 'Nariño', '2023-06-15 05:00:15', NULL, 52),
(592, 'Natagaima', '2023-06-15 05:00:15', NULL, 73),
(593, 'Nechí', '2023-06-15 05:00:15', NULL, 5),
(594, 'Necoclí', '2023-06-15 05:00:15', NULL, 5),
(595, 'Neira', '2023-06-15 05:00:15', NULL, 17),
(596, 'Neiva', '2023-06-15 05:00:15', NULL, 41),
(597, 'Nemocón', '2023-06-15 05:00:15', NULL, 25),
(598, 'Nilo', '2023-06-15 05:00:15', NULL, 25),
(599, 'Nimaima', '2023-06-15 05:00:15', NULL, 25),
(600, 'Nobsa', '2023-06-15 05:00:15', NULL, 15),
(601, 'Nocaima', '2023-06-15 05:00:15', NULL, 25),
(602, 'Norcasia', '2023-06-15 05:00:15', NULL, 17),
(603, 'Norosí', '2023-06-15 05:00:15', NULL, 13),
(604, 'Novita', '2023-06-15 05:00:15', NULL, 27),
(605, 'Nueva Granada', '2023-06-15 05:00:15', NULL, 47),
(606, 'Nuevo Colón', '2023-06-15 05:00:15', NULL, 15),
(607, 'Nunchía', '2023-06-15 05:00:15', NULL, 85),
(608, 'Nuquí', '2023-06-15 05:00:15', NULL, 27),
(609, 'Nátaga', '2023-06-15 05:00:15', NULL, 41),
(610, 'Obando', '2023-06-15 05:00:15', NULL, 76),
(611, 'Ocamonte', '2023-06-15 05:00:15', NULL, 68),
(612, 'Ocaña', '2023-06-15 05:00:15', NULL, 54),
(613, 'Oiba', '2023-06-15 05:00:15', NULL, 68),
(614, 'Oicatá', '2023-06-15 05:00:15', NULL, 15),
(615, 'Olaya', '2023-06-15 05:00:15', NULL, 5),
(616, 'Olaya Herrera', '2023-06-15 05:00:15', NULL, 52),
(617, 'Onzaga', '2023-06-15 05:00:15', NULL, 68),
(618, 'Oporapa', '2023-06-15 05:00:15', NULL, 41),
(619, 'Orito', '2023-06-15 05:00:15', NULL, 86),
(620, 'Orocué', '2023-06-15 05:00:15', NULL, 85),
(621, 'Ortega', '2023-06-15 05:00:15', NULL, 73),
(622, 'Ospina', '2023-06-15 05:00:15', NULL, 52),
(623, 'Otanche', '2023-06-15 05:00:15', NULL, 15),
(624, 'Ovejas', '2023-06-15 05:00:15', NULL, 70),
(625, 'Pachavita', '2023-06-15 05:00:15', NULL, 15),
(626, 'Pacho', '2023-06-15 05:00:15', NULL, 25),
(627, 'Padilla', '2023-06-15 05:00:15', NULL, 19),
(628, 'Paicol', '2023-06-15 05:00:15', NULL, 41),
(629, 'Pailitas', '2023-06-15 05:00:15', NULL, 20),
(630, 'Paime', '2023-06-15 05:00:15', NULL, 25),
(631, 'Paipa', '2023-06-15 05:00:15', NULL, 15),
(632, 'Pajarito', '2023-06-15 05:00:15', NULL, 15),
(633, 'Palermo', '2023-06-15 05:00:15', NULL, 41),
(634, 'Palestina', '2023-06-15 05:00:15', NULL, 17),
(635, 'Palestina', '2023-06-15 05:00:15', NULL, 41),
(636, 'Palmar', '2023-06-15 05:00:15', NULL, 68),
(637, 'Palmar de Varela', '2023-06-15 05:00:15', NULL, 8),
(638, 'Palmas del Socorro', '2023-06-15 05:00:15', NULL, 68),
(639, 'Palmira', '2023-06-15 05:00:15', NULL, 76),
(640, 'Palmito', '2023-06-15 05:00:15', NULL, 70),
(641, 'Palocabildo', '2023-06-15 05:00:15', NULL, 73),
(642, 'Pamplona', '2023-06-15 05:00:15', NULL, 54),
(643, 'Pamplonita', '2023-06-15 05:00:15', NULL, 54),
(644, 'Pandi', '2023-06-15 05:00:15', NULL, 25),
(645, 'Panqueba', '2023-06-15 05:00:15', NULL, 15),
(646, 'Paratebueno', '2023-06-15 05:00:15', NULL, 25),
(647, 'Pasca', '2023-06-15 05:00:15', NULL, 25),
(648, 'Patía (El Bordo)', '2023-06-15 05:00:15', NULL, 19),
(649, 'Pauna', '2023-06-15 05:00:15', NULL, 15),
(650, 'Paya', '2023-06-15 05:00:15', NULL, 15),
(651, 'Paz de Ariporo', '2023-06-15 05:00:15', NULL, 85),
(652, 'Paz de Río', '2023-06-15 05:00:15', NULL, 15),
(653, 'Pedraza', '2023-06-15 05:00:15', NULL, 47),
(654, 'Pelaya', '2023-06-15 05:00:15', NULL, 20),
(655, 'Pensilvania', '2023-06-15 05:00:15', NULL, 17),
(656, 'Peque', '2023-06-15 05:00:15', NULL, 5),
(657, 'Pereira', '2023-06-15 05:00:15', NULL, 66),
(658, 'Pesca', '2023-06-15 05:00:15', NULL, 15),
(659, 'Peñol', '2023-06-15 05:00:15', NULL, 5),
(660, 'Piamonte', '2023-06-15 05:00:15', NULL, 19),
(661, 'Pie de Cuesta', '2023-06-15 05:00:15', NULL, 68),
(662, 'Piedras', '2023-06-15 05:00:15', NULL, 73),
(663, 'Piendamó', '2023-06-15 05:00:15', NULL, 19),
(664, 'Pijao', '2023-06-15 05:00:15', NULL, 63),
(665, 'Pijiño', '2023-06-15 05:00:15', NULL, 47),
(666, 'Pinchote', '2023-06-15 05:00:15', NULL, 68),
(667, 'Pinillos', '2023-06-15 05:00:15', NULL, 13),
(668, 'Piojo', '2023-06-15 05:00:15', NULL, 8),
(669, 'Pisva', '2023-06-15 05:00:15', NULL, 15),
(670, 'Pital', '2023-06-15 05:00:15', NULL, 41),
(671, 'Pitalito', '2023-06-15 05:00:15', NULL, 41),
(672, 'Pivijay', '2023-06-15 05:00:15', NULL, 47),
(673, 'Planadas', '2023-06-15 05:00:15', NULL, 73),
(674, 'Planeta Rica', '2023-06-15 05:00:15', NULL, 23),
(675, 'Plato', '2023-06-15 05:00:15', NULL, 47),
(676, 'Policarpa', '2023-06-15 05:00:15', NULL, 52),
(677, 'Polonuevo', '2023-06-15 05:00:15', NULL, 8),
(678, 'Ponedera', '2023-06-15 05:00:15', NULL, 8),
(679, 'Popayán', '2023-06-15 05:00:15', NULL, 19),
(680, 'Pore', '2023-06-15 05:00:15', NULL, 85),
(681, 'Potosí', '2023-06-15 05:00:15', NULL, 52),
(682, 'Pradera', '2023-06-15 05:00:15', NULL, 76),
(683, 'Prado', '2023-06-15 05:00:15', NULL, 73),
(684, 'Providencia', '2023-06-15 05:00:15', NULL, 52),
(685, 'Providencia', '2023-06-15 05:00:15', NULL, 88),
(686, 'Pueblo Bello', '2023-06-15 05:00:15', NULL, 20),
(687, 'Pueblo Nuevo', '2023-06-15 05:00:15', NULL, 23),
(688, 'Pueblo Rico', '2023-06-15 05:00:15', NULL, 66),
(689, 'Pueblorrico', '2023-06-15 05:00:15', NULL, 5),
(690, 'Puebloviejo', '2023-06-15 05:00:15', NULL, 47),
(691, 'Puente Nacional', '2023-06-15 05:00:15', NULL, 68),
(692, 'Puerres', '2023-06-15 05:00:15', NULL, 52),
(693, 'Puerto Asís', '2023-06-15 05:00:15', NULL, 86),
(694, 'Puerto Berrío', '2023-06-15 05:00:15', NULL, 5),
(695, 'Puerto Boyacá', '2023-06-15 05:00:15', NULL, 15),
(696, 'Puerto Caicedo', '2023-06-15 05:00:15', NULL, 86),
(697, 'Puerto Carreño', '2023-06-15 05:00:15', NULL, 99),
(698, 'Puerto Colombia', '2023-06-15 05:00:15', NULL, 8),
(699, 'Puerto Concordia', '2023-06-15 05:00:15', NULL, 50),
(700, 'Puerto Escondido', '2023-06-15 05:00:15', NULL, 23),
(701, 'Puerto Gaitán', '2023-06-15 05:00:15', NULL, 50),
(702, 'Puerto Guzmán', '2023-06-15 05:00:15', NULL, 86),
(703, 'Puerto Leguízamo', '2023-06-15 05:00:15', NULL, 86),
(704, 'Puerto Libertador', '2023-06-15 05:00:15', NULL, 23),
(705, 'Puerto Lleras', '2023-06-15 05:00:15', NULL, 50),
(706, 'Puerto López', '2023-06-15 05:00:15', NULL, 50),
(707, 'Puerto Nare', '2023-06-15 05:00:15', NULL, 5),
(708, 'Puerto Nariño', '2023-06-15 05:00:15', NULL, 91),
(709, 'Puerto Parra', '2023-06-15 05:00:15', NULL, 68),
(710, 'Puerto Rico', '2023-06-15 05:00:15', NULL, 18),
(711, 'Puerto Rico', '2023-06-15 05:00:15', NULL, 50),
(712, 'Puerto Rondón', '2023-06-15 05:00:15', NULL, 81),
(713, 'Puerto Salgar', '2023-06-15 05:00:15', NULL, 25),
(714, 'Puerto Santander', '2023-06-15 05:00:15', NULL, 54),
(715, 'Puerto Tejada', '2023-06-15 05:00:15', NULL, 19),
(716, 'Puerto Triunfo', '2023-06-15 05:00:15', NULL, 5),
(717, 'Puerto Wilches', '2023-06-15 05:00:15', NULL, 68),
(718, 'Pulí', '2023-06-15 05:00:15', NULL, 25),
(719, 'Pupiales', '2023-06-15 05:00:15', NULL, 52),
(720, 'Puracé (Coconuco)', '2023-06-15 05:00:15', NULL, 19),
(721, 'Purificación', '2023-06-15 05:00:15', NULL, 73),
(722, 'Purísima', '2023-06-15 05:00:15', NULL, 23),
(723, 'Pácora', '2023-06-15 05:00:15', NULL, 17),
(724, 'Páez', '2023-06-15 05:00:15', NULL, 15),
(725, 'Páez (Belalcazar)', '2023-06-15 05:00:15', NULL, 19),
(726, 'Páramo', '2023-06-15 05:00:15', NULL, 68),
(727, 'Quebradanegra', '2023-06-15 05:00:15', NULL, 25),
(728, 'Quetame', '2023-06-15 05:00:15', NULL, 25),
(729, 'Quibdó', '2023-06-15 05:00:15', NULL, 27),
(730, 'Quimbaya', '2023-06-15 05:00:15', NULL, 63),
(731, 'Quinchía', '2023-06-15 05:00:15', NULL, 66),
(732, 'Quipama', '2023-06-15 05:00:15', NULL, 15),
(733, 'Quipile', '2023-06-15 05:00:15', NULL, 25),
(734, 'Ragonvalia', '2023-06-15 05:00:15', NULL, 54),
(735, 'Ramiriquí', '2023-06-15 05:00:15', NULL, 15),
(736, 'Recetor', '2023-06-15 05:00:15', NULL, 85),
(737, 'Regidor', '2023-06-15 05:00:15', NULL, 13),
(738, 'Remedios', '2023-06-15 05:00:15', NULL, 5),
(739, 'Remolino', '2023-06-15 05:00:15', NULL, 47),
(740, 'Repelón', '2023-06-15 05:00:15', NULL, 8),
(741, 'Restrepo', '2023-06-15 05:00:15', NULL, 50),
(742, 'Restrepo', '2023-06-15 05:00:15', NULL, 76),
(743, 'Retiro', '2023-06-15 05:00:15', NULL, 5),
(744, 'Ricaurte', '2023-06-15 05:00:15', NULL, 25),
(745, 'Ricaurte', '2023-06-15 05:00:15', NULL, 52),
(746, 'Rio Negro', '2023-06-15 05:00:15', NULL, 68),
(747, 'Rioblanco', '2023-06-15 05:00:15', NULL, 73),
(748, 'Riofrío', '2023-06-15 05:00:15', NULL, 76),
(749, 'Riohacha', '2023-06-15 05:00:15', NULL, 44),
(750, 'Risaralda', '2023-06-15 05:00:15', NULL, 17),
(751, 'Rivera', '2023-06-15 05:00:15', NULL, 41),
(752, 'Roberto Payán (San José)', '2023-06-15 05:00:15', NULL, 52),
(753, 'Roldanillo', '2023-06-15 05:00:15', NULL, 76),
(754, 'Roncesvalles', '2023-06-15 05:00:15', NULL, 73),
(755, 'Rondón', '2023-06-15 05:00:15', NULL, 15),
(756, 'Rosas', '2023-06-15 05:00:15', NULL, 19),
(757, 'Rovira', '2023-06-15 05:00:15', NULL, 73),
(758, 'Ráquira', '2023-06-15 05:00:15', NULL, 15),
(759, 'Río Iró', '2023-06-15 05:00:15', NULL, 27),
(760, 'Río Quito', '2023-06-15 05:00:15', NULL, 27),
(761, 'Río Sucio', '2023-06-15 05:00:15', NULL, 17),
(762, 'Río Viejo', '2023-06-15 05:00:15', NULL, 13),
(763, 'Río de oro', '2023-06-15 05:00:15', NULL, 20),
(764, 'Ríonegro', '2023-06-15 05:00:15', NULL, 5),
(765, 'Ríosucio', '2023-06-15 05:00:15', NULL, 27),
(766, 'Sabana de Torres', '2023-06-15 05:00:15', NULL, 68),
(767, 'Sabanagrande', '2023-06-15 05:00:15', NULL, 8),
(768, 'Sabanalarga', '2023-06-15 05:00:15', NULL, 5),
(769, 'Sabanalarga', '2023-06-15 05:00:15', NULL, 8),
(770, 'Sabanalarga', '2023-06-15 05:00:15', NULL, 85),
(771, 'Sabanas de San Angel (SAN ANGEL)', '2023-06-15 05:00:15', NULL, 47),
(772, 'Sabaneta', '2023-06-15 05:00:15', NULL, 5),
(773, 'Saboyá', '2023-06-15 05:00:15', NULL, 15),
(774, 'Sahagún', '2023-06-15 05:00:15', NULL, 23),
(775, 'Saladoblanco', '2023-06-15 05:00:15', NULL, 41),
(776, 'Salamina', '2023-06-15 05:00:15', NULL, 17),
(777, 'Salamina', '2023-06-15 05:00:15', NULL, 47),
(778, 'Salazar', '2023-06-15 05:00:15', NULL, 54),
(779, 'Saldaña', '2023-06-15 05:00:15', NULL, 73),
(780, 'Salento', '2023-06-15 05:00:15', NULL, 63),
(781, 'Salgar', '2023-06-15 05:00:15', NULL, 5),
(782, 'Samacá', '2023-06-15 05:00:15', NULL, 15),
(783, 'Samaniego', '2023-06-15 05:00:15', NULL, 52),
(784, 'Samaná', '2023-06-15 05:00:15', NULL, 17),
(785, 'Sampués', '2023-06-15 05:00:15', NULL, 70),
(786, 'San Agustín', '2023-06-15 05:00:15', NULL, 41),
(787, 'San Alberto', '2023-06-15 05:00:15', NULL, 20),
(788, 'San Andrés', '2023-06-15 05:00:15', NULL, 68),
(789, 'San Andrés Sotavento', '2023-06-15 05:00:15', NULL, 23),
(790, 'San Andrés de Cuerquía', '2023-06-15 05:00:15', NULL, 5),
(791, 'San Antero', '2023-06-15 05:00:15', NULL, 23),
(792, 'San Antonio', '2023-06-15 05:00:15', NULL, 73),
(793, 'San Antonio de Tequendama', '2023-06-15 05:00:15', NULL, 25),
(794, 'San Benito', '2023-06-15 05:00:15', NULL, 68),
(795, 'San Benito Abad', '2023-06-15 05:00:15', NULL, 70),
(796, 'San Bernardo', '2023-06-15 05:00:15', NULL, 25),
(797, 'San Bernardo', '2023-06-15 05:00:15', NULL, 52),
(798, 'San Bernardo del Viento', '2023-06-15 05:00:15', NULL, 23),
(799, 'San Calixto', '2023-06-15 05:00:15', NULL, 54),
(800, 'San Carlos', '2023-06-15 05:00:15', NULL, 5),
(801, 'San Carlos', '2023-06-15 05:00:15', NULL, 23),
(802, 'San Carlos de Guaroa', '2023-06-15 05:00:15', NULL, 50),
(803, 'San Cayetano', '2023-06-15 05:00:15', NULL, 25),
(804, 'San Cayetano', '2023-06-15 05:00:15', NULL, 54),
(805, 'San Cristobal', '2023-06-15 05:00:15', NULL, 13),
(806, 'San Diego', '2023-06-15 05:00:15', NULL, 20),
(807, 'San Eduardo', '2023-06-15 05:00:15', NULL, 15),
(808, 'San Estanislao', '2023-06-15 05:00:15', NULL, 13),
(809, 'San Fernando', '2023-06-15 05:00:15', NULL, 13),
(810, 'San Francisco', '2023-06-15 05:00:15', NULL, 5),
(811, 'San Francisco', '2023-06-15 05:00:15', NULL, 25),
(812, 'San Francisco', '2023-06-15 05:00:15', NULL, 86),
(813, 'San Gíl', '2023-06-15 05:00:15', NULL, 68),
(814, 'San Jacinto', '2023-06-15 05:00:15', NULL, 13),
(815, 'San Jacinto del Cauca', '2023-06-15 05:00:15', NULL, 13),
(816, 'San Jerónimo', '2023-06-15 05:00:15', NULL, 5),
(817, 'San Joaquín', '2023-06-15 05:00:15', NULL, 68),
(818, 'San José', '2023-06-15 05:00:15', NULL, 17),
(819, 'San José de Miranda', '2023-06-15 05:00:15', NULL, 68),
(820, 'San José de Montaña', '2023-06-15 05:00:15', NULL, 5),
(821, 'San José de Pare', '2023-06-15 05:00:15', NULL, 15),
(822, 'San José de Uré', '2023-06-15 05:00:15', NULL, 23),
(823, 'San José del Fragua', '2023-06-15 05:00:15', NULL, 18),
(824, 'San José del Guaviare', '2023-06-15 05:00:15', NULL, 95),
(825, 'San José del Palmar', '2023-06-15 05:00:15', NULL, 27),
(826, 'San Juan de Arama', '2023-06-15 05:00:15', NULL, 50),
(827, 'San Juan de Betulia', '2023-06-15 05:00:15', NULL, 70),
(828, 'San Juan de Nepomuceno', '2023-06-15 05:00:15', NULL, 13),
(829, 'San Juan de Pasto', '2023-06-15 05:00:15', NULL, 52),
(830, 'San Juan de Río Seco', '2023-06-15 05:00:15', NULL, 25),
(831, 'San Juan de Urabá', '2023-06-15 05:00:15', NULL, 5),
(832, 'San Juan del Cesar', '2023-06-15 05:00:15', NULL, 44),
(833, 'San Juanito', '2023-06-15 05:00:15', NULL, 50),
(834, 'San Lorenzo', '2023-06-15 05:00:15', NULL, 52),
(835, 'San Luis', '2023-06-15 05:00:15', NULL, 73),
(836, 'San Luís', '2023-06-15 05:00:15', NULL, 5),
(837, 'San Luís de Gaceno', '2023-06-15 05:00:15', NULL, 15),
(838, 'San Luís de Palenque', '2023-06-15 05:00:15', NULL, 85),
(839, 'San Marcos', '2023-06-15 05:00:15', NULL, 70),
(840, 'San Martín', '2023-06-15 05:00:15', NULL, 20),
(841, 'San Martín', '2023-06-15 05:00:15', NULL, 50),
(842, 'San Martín de Loba', '2023-06-15 05:00:15', NULL, 13),
(843, 'San Mateo', '2023-06-15 05:00:15', NULL, 15),
(844, 'San Miguel', '2023-06-15 05:00:15', NULL, 68),
(845, 'San Miguel', '2023-06-15 05:00:15', NULL, 86),
(846, 'San Miguel de Sema', '2023-06-15 05:00:15', NULL, 15),
(847, 'San Onofre', '2023-06-15 05:00:15', NULL, 70),
(848, 'San Pablo', '2023-06-15 05:00:15', NULL, 13),
(849, 'San Pablo', '2023-06-15 05:00:15', NULL, 52),
(850, 'San Pablo de Borbur', '2023-06-15 05:00:15', NULL, 15),
(851, 'San Pedro', '2023-06-15 05:00:15', NULL, 5),
(852, 'San Pedro', '2023-06-15 05:00:15', NULL, 70),
(853, 'San Pedro', '2023-06-15 05:00:15', NULL, 76),
(854, 'San Pedro de Cartago', '2023-06-15 05:00:15', NULL, 52),
(855, 'San Pedro de Urabá', '2023-06-15 05:00:15', NULL, 5),
(856, 'San Pelayo', '2023-06-15 05:00:15', NULL, 23),
(857, 'San Rafael', '2023-06-15 05:00:15', NULL, 5),
(858, 'San Roque', '2023-06-15 05:00:15', NULL, 5),
(859, 'San Sebastián', '2023-06-15 05:00:15', NULL, 19),
(860, 'San Sebastián de Buenavista', '2023-06-15 05:00:15', NULL, 47),
(861, 'San Vicente', '2023-06-15 05:00:15', NULL, 5),
(862, 'San Vicente del Caguán', '2023-06-15 05:00:15', NULL, 18),
(863, 'San Vicente del Chucurí', '2023-06-15 05:00:15', NULL, 68),
(864, 'San Zenón', '2023-06-15 05:00:15', NULL, 47),
(865, 'Sandoná', '2023-06-15 05:00:15', NULL, 52),
(866, 'Santa Ana', '2023-06-15 05:00:15', NULL, 47),
(867, 'Santa Bárbara', '2023-06-15 05:00:15', NULL, 5),
(868, 'Santa Bárbara', '2023-06-15 05:00:15', NULL, 68),
(869, 'Santa Bárbara (Iscuandé)', '2023-06-15 05:00:15', NULL, 52),
(870, 'Santa Bárbara de Pinto', '2023-06-15 05:00:15', NULL, 47),
(871, 'Santa Catalina', '2023-06-15 05:00:15', NULL, 13),
(872, 'Santa Fé de Antioquia', '2023-06-15 05:00:15', NULL, 5),
(873, 'Santa Genoveva de Docorodó', '2023-06-15 05:00:15', NULL, 27),
(874, 'Santa Helena del Opón', '2023-06-15 05:00:15', NULL, 68),
(875, 'Santa Isabel', '2023-06-15 05:00:15', NULL, 73),
(876, 'Santa Lucía', '2023-06-15 05:00:15', NULL, 8),
(877, 'Santa Marta', '2023-06-15 05:00:15', NULL, 47),
(878, 'Santa María', '2023-06-15 05:00:15', NULL, 15),
(879, 'Santa María', '2023-06-15 05:00:15', NULL, 41),
(880, 'Santa Rosa', '2023-06-15 05:00:15', NULL, 13),
(881, 'Santa Rosa', '2023-06-15 05:00:15', NULL, 19),
(882, 'Santa Rosa de Cabal', '2023-06-15 05:00:15', NULL, 66),
(883, 'Santa Rosa de Osos', '2023-06-15 05:00:15', NULL, 5),
(884, 'Santa Rosa de Viterbo', '2023-06-15 05:00:15', NULL, 15),
(885, 'Santa Rosa del Sur', '2023-06-15 05:00:15', NULL, 13),
(886, 'Santa Rosalía', '2023-06-15 05:00:15', NULL, 99),
(887, 'Santa Sofía', '2023-06-15 05:00:15', NULL, 15),
(888, 'Santana', '2023-06-15 05:00:15', NULL, 15),
(889, 'Santander de Quilichao', '2023-06-15 05:00:15', NULL, 19),
(890, 'Santiago', '2023-06-15 05:00:15', NULL, 54),
(891, 'Santiago', '2023-06-15 05:00:15', NULL, 86),
(892, 'Santo Domingo', '2023-06-15 05:00:15', NULL, 5),
(893, 'Santo Tomás', '2023-06-15 05:00:15', NULL, 8),
(894, 'Santuario', '2023-06-15 05:00:15', NULL, 5),
(895, 'Santuario', '2023-06-15 05:00:15', NULL, 66),
(896, 'Sapuyes', '2023-06-15 05:00:15', NULL, 52),
(897, 'Saravena', '2023-06-15 05:00:15', NULL, 81),
(898, 'Sardinata', '2023-06-15 05:00:15', NULL, 54),
(899, 'Sasaima', '2023-06-15 05:00:15', NULL, 25),
(900, 'Sativanorte', '2023-06-15 05:00:15', NULL, 15),
(901, 'Sativasur', '2023-06-15 05:00:15', NULL, 15),
(902, 'Segovia', '2023-06-15 05:00:15', NULL, 5),
(903, 'Sesquilé', '2023-06-15 05:00:15', NULL, 25),
(904, 'Sevilla', '2023-06-15 05:00:15', NULL, 76),
(905, 'Siachoque', '2023-06-15 05:00:15', NULL, 15),
(906, 'Sibaté', '2023-06-15 05:00:15', NULL, 25),
(907, 'Sibundoy', '2023-06-15 05:00:15', NULL, 86),
(908, 'Silos', '2023-06-15 05:00:15', NULL, 54),
(909, 'Silvania', '2023-06-15 05:00:15', NULL, 25),
(910, 'Silvia', '2023-06-15 05:00:15', NULL, 19),
(911, 'Simacota', '2023-06-15 05:00:15', NULL, 68),
(912, 'Simijaca', '2023-06-15 05:00:15', NULL, 25),
(913, 'Simití', '2023-06-15 05:00:15', NULL, 13),
(914, 'Sincelejo', '2023-06-15 05:00:15', NULL, 70),
(915, 'Sincé', '2023-06-15 05:00:15', NULL, 70),
(916, 'Sipí', '2023-06-15 05:00:15', NULL, 27),
(917, 'Sitionuevo', '2023-06-15 05:00:15', NULL, 47),
(918, 'Soacha', '2023-06-15 05:00:15', NULL, 25),
(919, 'Soatá', '2023-06-15 05:00:15', NULL, 15),
(920, 'Socha', '2023-06-15 05:00:15', NULL, 15),
(921, 'Socorro', '2023-06-15 05:00:15', NULL, 68),
(922, 'Socotá', '2023-06-15 05:00:15', NULL, 15),
(923, 'Sogamoso', '2023-06-15 05:00:15', NULL, 15),
(924, 'Solano', '2023-06-15 05:00:15', NULL, 18),
(925, 'Soledad', '2023-06-15 05:00:15', NULL, 8),
(926, 'Solita', '2023-06-15 05:00:15', NULL, 18),
(927, 'Somondoco', '2023-06-15 05:00:15', NULL, 15),
(928, 'Sonsón', '2023-06-15 05:00:15', NULL, 5),
(929, 'Sopetrán', '2023-06-15 05:00:15', NULL, 5),
(930, 'Soplaviento', '2023-06-15 05:00:15', NULL, 13),
(931, 'Sopó', '2023-06-15 05:00:15', NULL, 25),
(932, 'Sora', '2023-06-15 05:00:15', NULL, 15),
(933, 'Soracá', '2023-06-15 05:00:15', NULL, 15),
(934, 'Sotaquirá', '2023-06-15 05:00:15', NULL, 15),
(935, 'Sotara (Paispamba)', '2023-06-15 05:00:15', NULL, 19),
(936, 'Sotomayor (Los Andes)', '2023-06-15 05:00:15', NULL, 52),
(937, 'Suaita', '2023-06-15 05:00:15', NULL, 68),
(938, 'Suan', '2023-06-15 05:00:15', NULL, 8),
(939, 'Suaza', '2023-06-15 05:00:15', NULL, 41),
(940, 'Subachoque', '2023-06-15 05:00:15', NULL, 25),
(941, 'Sucre', '2023-06-15 05:00:15', NULL, 19),
(942, 'Sucre', '2023-06-15 05:00:15', NULL, 68),
(943, 'Sucre', '2023-06-15 05:00:15', NULL, 70),
(944, 'Suesca', '2023-06-15 05:00:15', NULL, 25),
(945, 'Supatá', '2023-06-15 05:00:15', NULL, 25),
(946, 'Supía', '2023-06-15 05:00:15', NULL, 17),
(947, 'Suratá', '2023-06-15 05:00:15', NULL, 68),
(948, 'Susa', '2023-06-15 05:00:15', NULL, 25),
(949, 'Susacón', '2023-06-15 05:00:15', NULL, 15),
(950, 'Sutamarchán', '2023-06-15 05:00:15', NULL, 15),
(951, 'Sutatausa', '2023-06-15 05:00:15', NULL, 25),
(952, 'Sutatenza', '2023-06-15 05:00:15', NULL, 15),
(953, 'Suárez', '2023-06-15 05:00:15', NULL, 19),
(954, 'Suárez', '2023-06-15 05:00:15', NULL, 73),
(955, 'Sácama', '2023-06-15 05:00:15', NULL, 85),
(956, 'Sáchica', '2023-06-15 05:00:15', NULL, 15),
(957, 'Tabio', '2023-06-15 05:00:15', NULL, 25),
(958, 'Tadó', '2023-06-15 05:00:15', NULL, 27),
(959, 'Talaigua Nuevo', '2023-06-15 05:00:15', NULL, 13),
(960, 'Tamalameque', '2023-06-15 05:00:15', NULL, 20),
(961, 'Tame', '2023-06-15 05:00:15', NULL, 81),
(962, 'Taminango', '2023-06-15 05:00:15', NULL, 52),
(963, 'Tangua', '2023-06-15 05:00:15', NULL, 52),
(964, 'Taraira', '2023-06-15 05:00:15', NULL, 97),
(965, 'Tarazá', '2023-06-15 05:00:15', NULL, 5),
(966, 'Tarqui', '2023-06-15 05:00:15', NULL, 41),
(967, 'Tarso', '2023-06-15 05:00:15', NULL, 5),
(968, 'Tasco', '2023-06-15 05:00:15', NULL, 15),
(969, 'Tauramena', '2023-06-15 05:00:15', NULL, 85),
(970, 'Tausa', '2023-06-15 05:00:15', NULL, 25),
(971, 'Tello', '2023-06-15 05:00:15', NULL, 41),
(972, 'Tena', '2023-06-15 05:00:15', NULL, 25),
(973, 'Tenerife', '2023-06-15 05:00:15', NULL, 47),
(974, 'Tenjo', '2023-06-15 05:00:15', NULL, 25),
(975, 'Tenza', '2023-06-15 05:00:15', NULL, 15),
(976, 'Teorama', '2023-06-15 05:00:15', NULL, 54),
(977, 'Teruel', '2023-06-15 05:00:15', NULL, 41),
(978, 'Tesalia', '2023-06-15 05:00:15', NULL, 41),
(979, 'Tibacuy', '2023-06-15 05:00:15', NULL, 25);
INSERT INTO `ciudades` (`id`, `ciudad`, `created_at`, `updated_at`, `departamentos_id`) VALUES
(980, 'Tibaná', '2023-06-15 05:00:15', NULL, 15),
(981, 'Tibasosa', '2023-06-15 05:00:15', NULL, 15),
(982, 'Tibirita', '2023-06-15 05:00:15', NULL, 25),
(983, 'Tibú', '2023-06-15 05:00:15', NULL, 54),
(984, 'Tierralta', '2023-06-15 05:00:15', NULL, 23),
(985, 'Timaná', '2023-06-15 05:00:15', NULL, 41),
(986, 'Timbiquí', '2023-06-15 05:00:15', NULL, 19),
(987, 'Timbío', '2023-06-15 05:00:15', NULL, 19),
(988, 'Tinjacá', '2023-06-15 05:00:15', NULL, 15),
(989, 'Tipacoque', '2023-06-15 05:00:15', NULL, 15),
(990, 'Tiquisio (Puerto Rico)', '2023-06-15 05:00:15', NULL, 13),
(991, 'Titiribí', '2023-06-15 05:00:15', NULL, 5),
(992, 'Toca', '2023-06-15 05:00:15', NULL, 15),
(993, 'Tocaima', '2023-06-15 05:00:15', NULL, 25),
(994, 'Tocancipá', '2023-06-15 05:00:15', NULL, 25),
(995, 'Toguí', '2023-06-15 05:00:15', NULL, 15),
(996, 'Toledo', '2023-06-15 05:00:15', NULL, 5),
(997, 'Toledo', '2023-06-15 05:00:15', NULL, 54),
(998, 'Tolú', '2023-06-15 05:00:15', NULL, 70),
(999, 'Tolú Viejo', '2023-06-15 05:00:15', NULL, 70),
(1000, 'Tona', '2023-06-15 05:00:15', NULL, 68),
(1001, 'Topagá', '2023-06-15 05:00:15', NULL, 15),
(1002, 'Topaipí', '2023-06-15 05:00:15', NULL, 25),
(1003, 'Toribío', '2023-06-15 05:00:15', NULL, 19),
(1004, 'Toro', '2023-06-15 05:00:15', NULL, 76),
(1005, 'Tota', '2023-06-15 05:00:15', NULL, 15),
(1006, 'Totoró', '2023-06-15 05:00:15', NULL, 19),
(1007, 'Trinidad', '2023-06-15 05:00:15', NULL, 85),
(1008, 'Trujillo', '2023-06-15 05:00:15', NULL, 76),
(1009, 'Tubará', '2023-06-15 05:00:15', NULL, 8),
(1010, 'Tuchín', '2023-06-15 05:00:15', NULL, 23),
(1011, 'Tulúa', '2023-06-15 05:00:15', NULL, 76),
(1012, 'Tumaco', '2023-06-15 05:00:15', NULL, 52),
(1013, 'Tunja', '2023-06-15 05:00:15', NULL, 15),
(1014, 'Tunungua', '2023-06-15 05:00:15', NULL, 15),
(1015, 'Turbaco', '2023-06-15 05:00:15', NULL, 13),
(1016, 'Turbaná', '2023-06-15 05:00:15', NULL, 13),
(1017, 'Turbo', '2023-06-15 05:00:15', NULL, 5),
(1018, 'Turmequé', '2023-06-15 05:00:15', NULL, 15),
(1019, 'Tuta', '2023-06-15 05:00:15', NULL, 15),
(1020, 'Tutasá', '2023-06-15 05:00:15', NULL, 15),
(1021, 'Támara', '2023-06-15 05:00:15', NULL, 85),
(1022, 'Támesis', '2023-06-15 05:00:15', NULL, 5),
(1023, 'Túquerres', '2023-06-15 05:00:15', NULL, 52),
(1024, 'Ubalá', '2023-06-15 05:00:15', NULL, 25),
(1025, 'Ubaque', '2023-06-15 05:00:15', NULL, 25),
(1026, 'Ubaté', '2023-06-15 05:00:15', NULL, 25),
(1027, 'Ulloa', '2023-06-15 05:00:15', NULL, 76),
(1028, 'Une', '2023-06-15 05:00:15', NULL, 25),
(1029, 'Unguía', '2023-06-15 05:00:15', NULL, 27),
(1030, 'Unión Panamericana (ÁNIMAS)', '2023-06-15 05:00:15', NULL, 27),
(1031, 'Uramita', '2023-06-15 05:00:15', NULL, 5),
(1032, 'Uribe', '2023-06-15 05:00:15', NULL, 50),
(1033, 'Uribia', '2023-06-15 05:00:15', NULL, 44),
(1034, 'Urrao', '2023-06-15 05:00:15', NULL, 5),
(1035, 'Urumita', '2023-06-15 05:00:15', NULL, 44),
(1036, 'Usiacuri', '2023-06-15 05:00:15', NULL, 8),
(1037, 'Valdivia', '2023-06-15 05:00:15', NULL, 5),
(1038, 'Valencia', '2023-06-15 05:00:15', NULL, 23),
(1039, 'Valle de San José', '2023-06-15 05:00:15', NULL, 68),
(1040, 'Valle de San Juan', '2023-06-15 05:00:15', NULL, 73),
(1041, 'Valle del Guamuez', '2023-06-15 05:00:15', NULL, 86),
(1042, 'Valledupar', '2023-06-15 05:00:15', NULL, 20),
(1043, 'Valparaiso', '2023-06-15 05:00:15', NULL, 5),
(1044, 'Valparaiso', '2023-06-15 05:00:15', NULL, 18),
(1045, 'Vegachí', '2023-06-15 05:00:15', NULL, 5),
(1046, 'Venadillo', '2023-06-15 05:00:15', NULL, 73),
(1047, 'Venecia', '2023-06-15 05:00:15', NULL, 5),
(1048, 'Venecia (Ospina Pérez)', '2023-06-15 05:00:15', NULL, 25),
(1049, 'Ventaquemada', '2023-06-15 05:00:15', NULL, 15),
(1050, 'Vergara', '2023-06-15 05:00:15', NULL, 25),
(1051, 'Versalles', '2023-06-15 05:00:15', NULL, 76),
(1052, 'Vetas', '2023-06-15 05:00:15', NULL, 68),
(1053, 'Viani', '2023-06-15 05:00:15', NULL, 25),
(1054, 'Vigía del Fuerte', '2023-06-15 05:00:15', NULL, 5),
(1055, 'Vijes', '2023-06-15 05:00:15', NULL, 76),
(1056, 'Villa Caro', '2023-06-15 05:00:15', NULL, 54),
(1057, 'Villa Rica', '2023-06-15 05:00:15', NULL, 19),
(1058, 'Villa de Leiva', '2023-06-15 05:00:15', NULL, 15),
(1059, 'Villa del Rosario', '2023-06-15 05:00:15', NULL, 54),
(1060, 'Villagarzón', '2023-06-15 05:00:15', NULL, 86),
(1061, 'Villagómez', '2023-06-15 05:00:15', NULL, 25),
(1062, 'Villahermosa', '2023-06-15 05:00:15', NULL, 73),
(1063, 'Villamaría', '2023-06-15 05:00:15', NULL, 17),
(1064, 'Villanueva', '2023-06-15 05:00:15', NULL, 13),
(1065, 'Villanueva', '2023-06-15 05:00:15', NULL, 44),
(1066, 'Villanueva', '2023-06-15 05:00:15', NULL, 68),
(1067, 'Villanueva', '2023-06-15 05:00:15', NULL, 85),
(1068, 'Villapinzón', '2023-06-15 05:00:15', NULL, 25),
(1069, 'Villarrica', '2023-06-15 05:00:15', NULL, 73),
(1070, 'Villavicencio', '2023-06-15 05:00:15', NULL, 50),
(1071, 'Villavieja', '2023-06-15 05:00:15', NULL, 41),
(1072, 'Villeta', '2023-06-15 05:00:15', NULL, 25),
(1073, 'Viotá', '2023-06-15 05:00:15', NULL, 25),
(1074, 'Viracachá', '2023-06-15 05:00:15', NULL, 15),
(1075, 'Vista Hermosa', '2023-06-15 05:00:15', NULL, 50),
(1076, 'Viterbo', '2023-06-15 05:00:15', NULL, 17),
(1077, 'Vélez', '2023-06-15 05:00:15', NULL, 68),
(1078, 'Yacopí', '2023-06-15 05:00:15', NULL, 25),
(1079, 'Yacuanquer', '2023-06-15 05:00:15', NULL, 52),
(1080, 'Yaguará', '2023-06-15 05:00:15', NULL, 41),
(1081, 'Yalí', '2023-06-15 05:00:15', NULL, 5),
(1082, 'Yarumal', '2023-06-15 05:00:15', NULL, 5),
(1083, 'Yolombó', '2023-06-15 05:00:15', NULL, 5),
(1084, 'Yondó (Casabe)', '2023-06-15 05:00:15', NULL, 5),
(1085, 'Yopal', '2023-06-15 05:00:15', NULL, 85),
(1086, 'Yotoco', '2023-06-15 05:00:15', NULL, 76),
(1087, 'Yumbo', '2023-06-15 05:00:15', NULL, 76),
(1088, 'Zambrano', '2023-06-15 05:00:15', NULL, 13),
(1089, 'Zapatoca', '2023-06-15 05:00:15', NULL, 68),
(1090, 'Zapayán (PUNTA DE PIEDRAS)', '2023-06-15 05:00:15', NULL, 47),
(1091, 'Zaragoza', '2023-06-15 05:00:15', NULL, 5),
(1092, 'Zarzal', '2023-06-15 05:00:15', NULL, 76),
(1093, 'Zetaquirá', '2023-06-15 05:00:15', NULL, 15),
(1094, 'Zipacón', '2023-06-15 05:00:15', NULL, 25),
(1095, 'Zipaquirá', '2023-06-15 05:00:15', NULL, 25),
(1096, 'Zona Bananera (PRADO - SEVILLA)', '2023-06-15 05:00:15', NULL, 47),
(1097, 'Ábrego', '2023-06-15 05:00:15', NULL, 54),
(1098, 'Íquira', '2023-06-15 05:00:15', NULL, 41),
(1099, 'Úmbita', '2023-06-15 05:00:15', NULL, 15),
(1100, 'Útica', '2023-06-15 05:00:15', NULL, 25);

-- --------------------------------------------------------

--
-- Estructura de tabla para la tabla `clientes`
--

CREATE TABLE `clientes` (
  `id` int(10) UNSIGNED NOT NULL,
  `estados_id` int(10) UNSIGNED NOT NULL,
  `usuarios_id` int(10) UNSIGNED NOT NULL,
  `created_at` timestamp NOT NULL DEFAULT current_timestamp() ON UPDATE current_timestamp(),
  `updated_at` timestamp NULL DEFAULT NULL
) ENGINE=InnoDB DEFAULT CHARSET=utf8mb4 COLLATE=utf8mb4_general_ci;

--
-- Volcado de datos para la tabla `clientes`
--

INSERT INTO `clientes` (`id`, `estados_id`, `usuarios_id`, `created_at`, `updated_at`) VALUES
(1, 1, 2, '2023-06-15 13:53:09', NULL),
(2, 1, 3, '2023-06-15 13:53:09', NULL),
(3, 2, 5, '2023-06-15 13:53:09', NULL);

-- --------------------------------------------------------

--
-- Estructura de tabla para la tabla `departamentos`
--

CREATE TABLE `departamentos` (
  `id` int(10) UNSIGNED NOT NULL,
  `departamento` varchar(45) NOT NULL,
  `created_at` timestamp NOT NULL DEFAULT current_timestamp() ON UPDATE current_timestamp(),
  `updated_at` timestamp NULL DEFAULT NULL
) ENGINE=InnoDB DEFAULT CHARSET=utf8mb4 COLLATE=utf8mb4_general_ci;

--
-- Volcado de datos para la tabla `departamentos`
--

INSERT INTO `departamentos` (`id`, `departamento`, `created_at`, `updated_at`) VALUES
(5, 'ANTIOQUIA', '2023-06-15 04:50:54', NULL),
(8, 'ATLÁNTICO', '2023-06-15 04:50:54', NULL),
(11, 'BOGOTÁ, D.C.', '2023-06-15 04:50:54', NULL),
(13, 'BOLÍVAR', '2023-06-15 04:50:54', NULL),
(15, 'BOYACÁ', '2023-06-15 04:50:54', NULL),
(17, 'CALDAS', '2023-06-15 04:50:54', NULL),
(18, 'CAQUETÁ', '2023-06-15 04:50:54', NULL),
(19, 'CAUCA', '2023-06-15 04:50:54', NULL),
(20, 'CESAR', '2023-06-15 04:50:54', NULL),
(23, 'CÓRDOBA', '2023-06-15 04:50:54', NULL),
(25, 'CUNDINAMARCA', '2023-06-15 04:50:54', NULL),
(27, 'CHOCÓ', '2023-06-15 04:50:54', NULL),
(41, 'HUILA', '2023-06-15 04:50:54', NULL),
(44, 'LA GUAJIRA', '2023-06-15 04:50:54', NULL),
(47, 'MAGDALENA', '2023-06-15 04:50:54', NULL),
(50, 'META', '2023-06-15 04:50:54', NULL),
(52, 'NARIÑO', '2023-06-15 04:50:54', NULL),
(54, 'NORTE DE SANTANDER', '2023-06-15 04:50:54', NULL),
(63, 'QUINDIO', '2023-06-15 04:50:54', NULL),
(66, 'RISARALDA', '2023-06-15 04:50:54', NULL),
(68, 'SANTANDER', '2023-06-15 04:50:54', NULL),
(70, 'SUCRE', '2023-06-15 04:50:54', NULL),
(73, 'TOLIMA', '2023-06-15 04:50:54', NULL),
(76, 'VALLE DEL CAUCA', '2023-06-15 04:50:54', NULL),
(81, 'ARAUCA', '2023-06-15 04:50:54', NULL),
(85, 'CASANARE', '2023-06-15 04:50:54', NULL),
(86, 'PUTUMAYO', '2023-06-15 04:50:54', NULL),
(88, 'ARCHIPIÉLAGO DE SAN ANDRÉS, PROVIDENCIA Y SAN', '2023-06-15 04:50:54', NULL),
(91, 'AMAZONAS', '2023-06-15 04:50:54', NULL),
(94, 'GUAINÍA', '2023-06-15 04:50:54', NULL),
(95, 'GUAVIARE', '2023-06-15 04:50:54', NULL),
(97, 'VAUPÉS', '2023-06-15 04:50:54', NULL),
(99, 'VICHADA', '2023-06-15 04:50:54', NULL);

-- --------------------------------------------------------

--
-- Estructura de tabla para la tabla `empleados`
--

CREATE TABLE `empleados` (
  `id` int(10) UNSIGNED NOT NULL,
  `created_at` timestamp NOT NULL DEFAULT current_timestamp() ON UPDATE current_timestamp(),
  `updated_at` timestamp NULL DEFAULT NULL,
  `roles_id` int(10) UNSIGNED NOT NULL,
  `estados_id` int(10) UNSIGNED NOT NULL,
  `usuarios_id` int(10) UNSIGNED NOT NULL
) ENGINE=InnoDB DEFAULT CHARSET=utf8mb4 COLLATE=utf8mb4_general_ci;

--
-- Volcado de datos para la tabla `empleados`
--

INSERT INTO `empleados` (`id`, `created_at`, `updated_at`, `roles_id`, `estados_id`, `usuarios_id`) VALUES
(1, '2023-06-15 13:51:57', NULL, 1, 1, 1),
(2, '2023-06-15 13:51:57', NULL, 2, 1, 4);

-- --------------------------------------------------------

--
-- Estructura de tabla para la tabla `estados`
--

CREATE TABLE `estados` (
  `id` int(10) UNSIGNED NOT NULL,
  `estado` varchar(45) NOT NULL,
  `created_at` timestamp NOT NULL DEFAULT current_timestamp() ON UPDATE current_timestamp(),
  `updated_at` timestamp NULL DEFAULT NULL
) ENGINE=InnoDB DEFAULT CHARSET=utf8mb4 COLLATE=utf8mb4_general_ci;

--
-- Volcado de datos para la tabla `estados`
--

INSERT INTO `estados` (`id`, `estado`, `created_at`, `updated_at`) VALUES
(1, 'Activo', '2023-06-15 04:39:13', NULL),
(2, 'Inactivo', '2023-06-15 04:37:27', NULL);

-- --------------------------------------------------------

--
-- Estructura de tabla para la tabla `facturas`
--

CREATE TABLE `facturas` (
  `id` int(10) UNSIGNED NOT NULL,
  `fecha` date NOT NULL,
  `total_factura` decimal(10,0) NOT NULL,
  `created_at` timestamp NOT NULL DEFAULT current_timestamp() ON UPDATE current_timestamp(),
  `updated_at` timestamp NULL DEFAULT NULL,
  `clientes_id` int(10) UNSIGNED NOT NULL,
  `metodos_de_pago_id` int(10) UNSIGNED NOT NULL
) ENGINE=InnoDB DEFAULT CHARSET=utf8mb4 COLLATE=utf8mb4_general_ci;

--
-- Volcado de datos para la tabla `facturas`
--

INSERT INTO `facturas` (`id`, `fecha`, `total_factura`, `created_at`, `updated_at`, `clientes_id`, `metodos_de_pago_id`) VALUES
(1, '2023-10-27', 6000000, '2023-11-06 22:43:26', NULL, 1, 1),
(2, '2023-10-20', 9000000, '2023-11-06 22:43:37', NULL, 2, 4),
(3, '2023-10-31', 3500000, '2023-11-06 22:43:47', NULL, 3, 2);

-- --------------------------------------------------------

--
-- Estructura de tabla para la tabla `failed_jobs`
--

CREATE TABLE `failed_jobs` (
  `id` bigint(20) UNSIGNED NOT NULL,
  `uuid` varchar(255) NOT NULL,
  `connection` text NOT NULL,
  `queue` text NOT NULL,
  `payload` longtext NOT NULL,
  `exception` longtext NOT NULL,
  `failed_at` timestamp NOT NULL DEFAULT current_timestamp()
) ENGINE=InnoDB DEFAULT CHARSET=utf8mb4 COLLATE=utf8mb4_unicode_ci;

-- --------------------------------------------------------

--
-- Estructura de tabla para la tabla `gestionan`
--

CREATE TABLE `gestionan` (
  `empleados_id` int(10) UNSIGNED NOT NULL,
  `productos_id` int(10) UNSIGNED NOT NULL
) ENGINE=InnoDB DEFAULT CHARSET=utf8mb4 COLLATE=utf8mb4_general_ci;

--
-- Volcado de datos para la tabla `gestionan`
--

INSERT INTO `gestionan` (`empleados_id`, `productos_id`) VALUES
(2, 1),
(1, 3),
(2, 1),
(1, 3);

-- --------------------------------------------------------

--
-- Estructura de tabla para la tabla `incluyen`
--

CREATE TABLE `incluyen` (
  `facturas_id` int(10) UNSIGNED NOT NULL,
  `productos_id` int(10) UNSIGNED NOT NULL
) ENGINE=InnoDB DEFAULT CHARSET=utf8mb4 COLLATE=utf8mb4_general_ci;

--
-- Volcado de datos para la tabla `incluyen`
--

INSERT INTO `incluyen` (`facturas_id`, `productos_id`) VALUES
(1, 1),
(1, 3),
(2, 5),
(3, 2),
(3, 1),
(1, 1),
(1, 3),
(2, 5),
(3, 2),
(3, 1);

-- --------------------------------------------------------

--
-- Estructura de tabla para la tabla `metodos_de_pago`
--

CREATE TABLE `metodos_de_pago` (
  `id` int(10) UNSIGNED NOT NULL,
  `metodo_de_pago` varchar(45) NOT NULL,
  `created_at` timestamp NOT NULL DEFAULT current_timestamp() ON UPDATE current_timestamp(),
  `updated_at` timestamp NULL DEFAULT NULL
) ENGINE=InnoDB DEFAULT CHARSET=utf8mb4 COLLATE=utf8mb4_general_ci;

--
-- Volcado de datos para la tabla `metodos_de_pago`
--

INSERT INTO `metodos_de_pago` (`id`, `metodo_de_pago`, `created_at`, `updated_at`) VALUES
(1, 'Tarjeta de Crédito ', '2023-06-15 04:44:36', NULL),
(2, 'Tarjeta de Debito', '2023-06-15 04:44:36', NULL),
(3, 'Paypal', '2023-06-15 04:44:36', NULL),
(4, 'Transferencia Bancaria', '2023-06-15 04:44:36', NULL);

-- --------------------------------------------------------

--
-- Estructura de tabla para la tabla `migrations`
--

CREATE TABLE `migrations` (
  `id` int(10) UNSIGNED NOT NULL,
  `migration` varchar(255) NOT NULL,
  `batch` int(11) NOT NULL
) ENGINE=InnoDB DEFAULT CHARSET=utf8mb4 COLLATE=utf8mb4_unicode_ci;

--
-- Volcado de datos para la tabla `migrations`
--

INSERT INTO `migrations` (`id`, `migration`, `batch`) VALUES
(5, '2023_11_06_232046_agregar_columna_tipo_di_id_a_tabla', 2),
(6, '2023_11_06_233621_agregar_columna_ciudad_id_a_tabla', 3),
(7, '2023_11_06_234153_agregar_columna_estado_id_a_tabla', 4),
(8, '2014_10_12_000000_create_users_table', 5),
(9, '2014_10_12_100000_create_password_reset_tokens_table', 5),
(10, '2019_08_19_000000_create_failed_jobs_table', 5),
(11, '2019_12_14_000001_create_personal_access_tokens_table', 5),
(12, '2023_11_15_033935_create_skyfallweb', 6);

-- --------------------------------------------------------

--
-- Estructura de tabla para la tabla `password_reset_tokens`
--

CREATE TABLE `password_reset_tokens` (
  `email` varchar(255) NOT NULL,
  `token` varchar(255) NOT NULL,
  `created_at` timestamp NULL DEFAULT NULL
) ENGINE=InnoDB DEFAULT CHARSET=utf8mb4 COLLATE=utf8mb4_unicode_ci;

-- --------------------------------------------------------

--
-- Estructura de tabla para la tabla `permisos`
--

CREATE TABLE `permisos` (
  `id` int(10) UNSIGNED NOT NULL,
  `permiso` varchar(45) NOT NULL,
  `created_at` timestamp NOT NULL DEFAULT current_timestamp() ON UPDATE current_timestamp(),
  `updated_at` timestamp NULL DEFAULT NULL
) ENGINE=InnoDB DEFAULT CHARSET=utf8mb4 COLLATE=utf8mb4_general_ci;

--
-- Volcado de datos para la tabla `permisos`
--

INSERT INTO `permisos` (`id`, `permiso`, `created_at`, `updated_at`) VALUES
(1, 'Gestión Usuario', '2023-06-15 04:45:38', NULL),
(2, 'Gestión Clientes', '2023-06-15 04:45:38', NULL),
(3, 'Gestión Productos', '2023-06-15 04:45:38', NULL),
(4, 'Gestión Compras', '2023-06-15 04:45:38', NULL),
(5, 'Gestión Proveedores', '2023-06-15 04:45:38', NULL),
(6, 'Gestión Empleados', '2023-06-15 04:45:38', NULL),
(7, 'Gestión Reportes', '2023-06-15 04:45:38', NULL);

-- --------------------------------------------------------

--
-- Estructura de tabla para la tabla `personal_access_tokens`
--

CREATE TABLE `personal_access_tokens` (
  `id` bigint(20) UNSIGNED NOT NULL,
  `tokenable_type` varchar(255) NOT NULL,
  `tokenable_id` bigint(20) UNSIGNED NOT NULL,
  `name` varchar(255) NOT NULL,
  `token` varchar(64) NOT NULL,
  `abilities` text DEFAULT NULL,
  `last_used_at` timestamp NULL DEFAULT NULL,
  `expires_at` timestamp NULL DEFAULT NULL,
  `created_at` timestamp NULL DEFAULT NULL,
  `updated_at` timestamp NULL DEFAULT NULL
) ENGINE=InnoDB DEFAULT CHARSET=utf8mb4 COLLATE=utf8mb4_unicode_ci;

-- --------------------------------------------------------

--
-- Estructura de tabla para la tabla `productos`
--

CREATE TABLE `productos` (
  `id` int(10) UNSIGNED NOT NULL,
  `nombre` varchar(40) NOT NULL,
  `descripcion` text NOT NULL,
  `valor_unitario` decimal(10,0) NOT NULL,
  `disponibilidad` int(11) NOT NULL,
  `imagen` varchar(100) DEFAULT NULL,
  `created_at` timestamp NOT NULL DEFAULT current_timestamp() ON UPDATE current_timestamp(),
  `updated_at` timestamp NULL DEFAULT NULL,
  `categorias_id` int(10) UNSIGNED NOT NULL,
  `proveedores_id` int(10) UNSIGNED NOT NULL
) ENGINE=InnoDB DEFAULT CHARSET=utf8mb4 COLLATE=utf8mb4_general_ci;

--
-- Volcado de datos para la tabla `productos`
--

INSERT INTO `productos` (`id`, `nombre`, `descripcion`, `valor_unitario`, `disponibilidad`, `imagen`, `created_at`, `updated_at`, `categorias_id`, `proveedores_id`) VALUES
(1, 'Pochita // Chainsaw Man', 'Pochita Es El Demonio Motosierra Que Encarna El Miedo A Las Motosierras.\n\n', 15000, 10, NULL, '2023-11-21 22:32:40', NULL, 2, 1),
(2, 'Zelda // Cadena', 'Zelda.', 15000, 15, NULL, '2023-11-21 22:34:08', NULL, 2, 5),
(3, 'Funko Pop\'s // Marvel', 'El Mundo UCM De Marvel Y Sus Funko Pops!.\n\n\n', 85000, 5, NULL, '2023-11-21 22:33:20', NULL, 1, 4),
(4, 'Billeteras // Anime', 'Billeteras de todo tipo y estilos!', 35000, 20, NULL, '2023-11-21 22:33:59', NULL, 1, 3),
(5, 'Funko Pop\'s // Anime', 'Conoce a los distintos personajes del mundo del Anime en sus figuras Pop\'s!', 60000, 3, NULL, '2023-11-21 22:33:44', NULL, 2, 1);

-- --------------------------------------------------------

--
-- Estructura de tabla para la tabla `proveedores`
--

CREATE TABLE `proveedores` (
  `id` int(10) UNSIGNED NOT NULL,
  `nit` bigint(20) NOT NULL,
  `nombre` varchar(45) NOT NULL,
  `direccion` varchar(45) NOT NULL,
  `correo` varchar(30) NOT NULL,
  `telefono` varchar(15) NOT NULL,
  `created_at` timestamp NOT NULL DEFAULT current_timestamp() ON UPDATE current_timestamp(),
  `updated_at` timestamp NULL DEFAULT NULL,
  `estados_id` int(10) UNSIGNED NOT NULL
) ENGINE=InnoDB DEFAULT CHARSET=utf8mb4 COLLATE=utf8mb4_general_ci;

--
-- Volcado de datos para la tabla `proveedores`
--

INSERT INTO `proveedores` (`id`, `nit`, `nombre`, `direccion`, `correo`, `telefono`, `created_at`, `updated_at`, `estados_id`) VALUES
(1, 72672647263, 'Avianca', 'cra 8 #13-23', 'avianca@gmail.com', '3182989028', '2023-06-15 13:35:38', NULL, 1),
(2, 34367892387, 'Aeropública', 'cra 23d #45-12', 'Aeropubli@gmail.com', '3182591029', '2023-06-15 13:35:38', NULL, 1),
(3, 83748378566, 'Satena', 'cll 24a 43-14', 'sat@gmail.com', '3145672898', '2023-06-15 13:35:38', NULL, 1),
(4, 26352764523, 'Ultra air', 'cra 46d #56-57', 'ultraai@gmail.com', '3162785637', '2023-06-15 13:35:38', NULL, 2),
(5, 67836456712, 'Easyfly', 'cra 24 #14-55', 'easyfly@gmail.com', '3205674829', '2023-06-15 13:35:38', NULL, 1);

-- --------------------------------------------------------

--
-- Estructura de tabla para la tabla `roles`
--

CREATE TABLE `roles` (
  `id` int(10) UNSIGNED NOT NULL,
  `rol` varchar(20) NOT NULL,
  `created_at` timestamp NOT NULL DEFAULT current_timestamp() ON UPDATE current_timestamp(),
  `updated_at` timestamp NULL DEFAULT NULL
) ENGINE=InnoDB DEFAULT CHARSET=utf8mb4 COLLATE=utf8mb4_general_ci;

--
-- Volcado de datos para la tabla `roles`
--

INSERT INTO `roles` (`id`, `rol`, `created_at`, `updated_at`) VALUES
(1, 'Administrador', '2023-06-15 04:46:06', NULL),
(2, 'Empleado', '2023-06-15 04:46:06', NULL);

-- --------------------------------------------------------

--
-- Estructura de tabla para la tabla `skyfallweb`
--

CREATE TABLE `skyfallweb` (
  `id` bigint(20) UNSIGNED NOT NULL,
  `created_at` timestamp NULL DEFAULT NULL,
  `updated_at` timestamp NULL DEFAULT NULL
) ENGINE=InnoDB DEFAULT CHARSET=utf8mb4 COLLATE=utf8mb4_unicode_ci;

-- --------------------------------------------------------

--
-- Estructura de tabla para la tabla `solicitudes`
--

CREATE TABLE `solicitudes` (
  `id` int(10) UNSIGNED NOT NULL,
  `motivo` text NOT NULL,
  `created_at` timestamp NOT NULL DEFAULT current_timestamp() ON UPDATE current_timestamp(),
  `updated_at` timestamp NULL DEFAULT NULL,
  `usuarios_id` int(10) UNSIGNED DEFAULT NULL,
  `clientes_id` int(10) UNSIGNED DEFAULT NULL
) ENGINE=InnoDB DEFAULT CHARSET=utf8mb4 COLLATE=utf8mb4_general_ci;

--
-- Volcado de datos para la tabla `solicitudes`
--

INSERT INTO `solicitudes` (`id`, `motivo`, `created_at`, `updated_at`, `usuarios_id`, `clientes_id`) VALUES
(6, 'Rendimiento deficiente', '2023-06-15 14:06:54', NULL, 5, NULL),
(7, 'Carga retardada en el login', '2023-06-15 14:08:44', NULL, NULL, 2),
(8, 'No guarda información de la compra', '2023-06-15 14:09:33', NULL, NULL, 2),
(9, 'Rapidez deficiente', '2023-06-15 14:08:44', NULL, 3, NULL),
(10, 'No me deja comprar todos los productos', '2023-06-15 14:08:44', NULL, 3, NULL);

-- --------------------------------------------------------

--
-- Estructura de tabla para la tabla `tienen`
--

CREATE TABLE `tienen` (
  `roles_id` int(10) UNSIGNED NOT NULL,
  `permisos_id` int(10) UNSIGNED NOT NULL
) ENGINE=InnoDB DEFAULT CHARSET=utf8mb4 COLLATE=utf8mb4_general_ci;

--
-- Volcado de datos para la tabla `tienen`
--

INSERT INTO `tienen` (`roles_id`, `permisos_id`) VALUES
(1, 1),
(1, 2),
(1, 3),
(1, 4),
(1, 5),
(1, 6),
(1, 7),
(2, 3),
(2, 5),
(2, 7),
(1, 1),
(1, 2),
(1, 3),
(1, 4),
(1, 5),
(1, 6),
(1, 7),
(2, 3),
(2, 5),
(2, 7);

-- --------------------------------------------------------

--
-- Estructura de tabla para la tabla `tipos_di`
--

CREATE TABLE `tipos_di` (
  `id` int(10) UNSIGNED NOT NULL,
  `tipo_di` varchar(45) NOT NULL,
  `created_at` timestamp NOT NULL DEFAULT current_timestamp() ON UPDATE current_timestamp(),
  `updated_at` timestamp NULL DEFAULT NULL
) ENGINE=InnoDB DEFAULT CHARSET=utf8mb4 COLLATE=utf8mb4_general_ci;

--
-- Volcado de datos para la tabla `tipos_di`
--

INSERT INTO `tipos_di` (`id`, `tipo_di`, `created_at`, `updated_at`) VALUES
(1, 'Cédula de Ciudadanía', '2023-06-15 04:47:49', NULL),
(2, 'Cédula de Extranjería', '2023-06-15 04:47:49', NULL),
(3, 'PPT', '2023-06-15 04:47:49', NULL),
(4, 'Visa', '2023-06-15 04:47:49', NULL);

-- --------------------------------------------------------

--
-- Estructura de tabla para la tabla `users`
--

CREATE TABLE `users` (
  `id` bigint(20) UNSIGNED NOT NULL,
  `name` varchar(255) NOT NULL,
  `email` varchar(255) NOT NULL,
  `email_verified_at` timestamp NULL DEFAULT NULL,
  `password` varchar(255) NOT NULL,
  `remember_token` varchar(100) DEFAULT NULL,
  `created_at` timestamp NULL DEFAULT NULL,
  `updated_at` timestamp NULL DEFAULT NULL
) ENGINE=InnoDB DEFAULT CHARSET=utf8mb4 COLLATE=utf8mb4_unicode_ci;

-- --------------------------------------------------------

--
-- Estructura de tabla para la tabla `usuarios`
--

CREATE TABLE `usuarios` (
  `id` int(10) UNSIGNED NOT NULL,
  `numero_di` bigint(20) NOT NULL,
  `primer_nombre` varchar(15) NOT NULL,
  `segundo_nombre` varchar(15) DEFAULT NULL,
  `primer_apellido` varchar(15) NOT NULL,
  `segundo_apellido` varchar(15) NOT NULL,
  `fecha_nacimiento` date NOT NULL,
  `direccion` varchar(45) NOT NULL,
  `telefono` varchar(15) NOT NULL,
  `correo` varchar(30) NOT NULL,
  `contrasena` varchar(32) NOT NULL,
  `imagen` varchar(100) DEFAULT NULL,
  `remember_token` varchar(100) DEFAULT NULL,
  `created_at` timestamp NOT NULL DEFAULT current_timestamp() ON UPDATE current_timestamp(),
  `updated_at` timestamp NULL DEFAULT NULL,
  `tipos_di_id` int(10) UNSIGNED NOT NULL,
  `ciudades_id` int(10) UNSIGNED NOT NULL,
  `estados_id` int(10) UNSIGNED NOT NULL,
  `tipo_di_id` int(11) DEFAULT NULL,
  `ciudad_id` int(11) DEFAULT NULL,
  `estado_id` int(11) DEFAULT NULL
) ENGINE=InnoDB DEFAULT CHARSET=utf8mb4 COLLATE=utf8mb4_general_ci;

--
-- Volcado de datos para la tabla `usuarios`
--

INSERT INTO `usuarios` (`id`, `numero_di`, `primer_nombre`, `segundo_nombre`, `primer_apellido`, `segundo_apellido`, `fecha_nacimiento`, `direccion`, `telefono`, `correo`, `contrasena`, `imagen`, `remember_token`, `created_at`, `updated_at`, `tipos_di_id`, `ciudades_id`, `estados_id`, `tipo_di_id`, `ciudad_id`, `estado_id`) VALUES
(1, 1111542666, 'Angel', 'David', 'Otero', 'Rojas', '1996-11-07', 'cra 42c #41a 17 apto 202', '3172895910', 'angel123@gmail.com', '12345a', NULL, NULL, '2023-11-07 00:02:08', NULL, 1, 94, 1, 0, NULL, NULL),
(2, 66987476, 'Maria ', 'Lucía', 'Peña', 'Cortes', '2003-06-12', 'cll 11 #22-32', '3052368357', 'MariLu23@gmail.com', 'Mari123', NULL, NULL, '2023-06-15 13:24:37', NULL, 2, 8, 2, NULL, NULL, NULL),
(3, 1112666777, 'Orlando', NULL, 'Mejia', 'Sinisterra', '1993-06-10', 'cra 32a #45-23 apto 301', '3206530912', 'OMS43@gmail.com', 'oms543', NULL, NULL, '2023-06-15 13:24:37', NULL, 4, 13, 1, NULL, NULL, NULL),
(4, 83785434, 'Jhonny', 'Alexander', 'Samboni', 'Marin', '2001-10-17', 'cll 56 #82-43', '3172895729', 'jhonnyalexander028@gmail.com', 'Jhonnydeveloper123', NULL, NULL, '2023-11-06 22:46:15', NULL, 1, 127, 1, NULL, NULL, NULL),
(5, 897434521, 'David', NULL, 'Torres', 'Caicedo', '1999-10-20', 'cra 5 #42d-32', '3153378289', 'Torres_11@gmail.com', '324Torre', NULL, NULL, '2023-06-15 13:24:37', NULL, 3, 307, 1, NULL, NULL, NULL);

--
-- Índices para tablas volcadas
--

--
-- Indices de la tabla `categorias`
--
ALTER TABLE `categorias`
  ADD PRIMARY KEY (`id`);

--
-- Indices de la tabla `ciudades`
--
ALTER TABLE `ciudades`
  ADD PRIMARY KEY (`id`),
  ADD KEY `fk_ciudades_departamentos1_idx` (`departamentos_id`);

--
-- Indices de la tabla `clientes`
--
ALTER TABLE `clientes`
  ADD PRIMARY KEY (`id`),
  ADD KEY `fk_clientes_estados1_idx` (`estados_id`),
  ADD KEY `fk_clientes_usuarios1_idx` (`usuarios_id`);

--
-- Indices de la tabla `departamentos`
--
ALTER TABLE `departamentos`
  ADD PRIMARY KEY (`id`);

--
-- Indices de la tabla `empleados`
--
ALTER TABLE `empleados`
  ADD PRIMARY KEY (`id`),
  ADD KEY `fk_empleados_roles1_idx` (`roles_id`),
  ADD KEY `fk_empleados_estados1_idx` (`estados_id`),
  ADD KEY `fk_empleados_usuarios1_idx` (`usuarios_id`);

--
-- Indices de la tabla `estados`
--
ALTER TABLE `estados`
  ADD PRIMARY KEY (`id`);

--
-- Indices de la tabla `facturas`
--
ALTER TABLE `facturas`
  ADD PRIMARY KEY (`id`),
  ADD KEY `fk_facturas_metodos_de_pago1_idx` (`metodos_de_pago_id`),
  ADD KEY `fk_facturas_clientes1_idx` (`clientes_id`);

--
-- Indices de la tabla `failed_jobs`
--
ALTER TABLE `failed_jobs`
  ADD PRIMARY KEY (`id`),
  ADD UNIQUE KEY `failed_jobs_uuid_unique` (`uuid`);

--
-- Indices de la tabla `gestionan`
--
ALTER TABLE `gestionan`
  ADD KEY `fk_gestionan_empleados1_idx` (`empleados_id`),
  ADD KEY `fk_gestionan_productos1_idx` (`productos_id`);

--
-- Indices de la tabla `incluyen`
--
ALTER TABLE `incluyen`
  ADD KEY `fk_incluyen_facturas1_idx` (`facturas_id`),
  ADD KEY `fk_incluyen_productos1_idx` (`productos_id`);

--
-- Indices de la tabla `metodos_de_pago`
--
ALTER TABLE `metodos_de_pago`
  ADD PRIMARY KEY (`id`);

--
-- Indices de la tabla `migrations`
--
ALTER TABLE `migrations`
  ADD PRIMARY KEY (`id`);

--
-- Indices de la tabla `password_reset_tokens`
--
ALTER TABLE `password_reset_tokens`
  ADD PRIMARY KEY (`email`);

--
-- Indices de la tabla `permisos`
--
ALTER TABLE `permisos`
  ADD PRIMARY KEY (`id`);

--
-- Indices de la tabla `personal_access_tokens`
--
ALTER TABLE `personal_access_tokens`
  ADD PRIMARY KEY (`id`),
  ADD UNIQUE KEY `personal_access_tokens_token_unique` (`token`),
  ADD KEY `personal_access_tokens_tokenable_type_tokenable_id_index` (`tokenable_type`,`tokenable_id`);

--
-- Indices de la tabla `productos`
--
ALTER TABLE `productos`
  ADD PRIMARY KEY (`id`),
  ADD KEY `fk_productos_categorias1_idx` (`categorias_id`),
  ADD KEY `fk_productos_proveedores1_idx` (`proveedores_id`);

--
-- Indices de la tabla `proveedores`
--
ALTER TABLE `proveedores`
  ADD PRIMARY KEY (`id`),
  ADD KEY `fk_proveedores_estados1_idx` (`estados_id`);

--
-- Indices de la tabla `roles`
--
ALTER TABLE `roles`
  ADD PRIMARY KEY (`id`);

--
-- Indices de la tabla `skyfallweb`
--
ALTER TABLE `skyfallweb`
  ADD PRIMARY KEY (`id`);

--
-- Indices de la tabla `solicitudes`
--
ALTER TABLE `solicitudes`
  ADD PRIMARY KEY (`id`),
  ADD KEY `fk_solicitudes_usuarios1_idx` (`usuarios_id`),
  ADD KEY `fk_solicitudes_clientes1_idx` (`clientes_id`);

--
-- Indices de la tabla `tienen`
--
ALTER TABLE `tienen`
  ADD KEY `fk_tienen_roles1_idx` (`roles_id`),
  ADD KEY `fk_tienen_permisos1_idx` (`permisos_id`);

--
-- Indices de la tabla `tipos_di`
--
ALTER TABLE `tipos_di`
  ADD PRIMARY KEY (`id`);

--
-- Indices de la tabla `users`
--
ALTER TABLE `users`
  ADD PRIMARY KEY (`id`),
  ADD UNIQUE KEY `users_email_unique` (`email`);

--
-- Indices de la tabla `usuarios`
--
ALTER TABLE `usuarios`
  ADD PRIMARY KEY (`id`),
  ADD KEY `fk_usuarios_tipos_di1_idx` (`tipos_di_id`),
  ADD KEY `fk_usuarios_ciudades1_idx` (`ciudades_id`),
  ADD KEY `fk_usuarios_estados1_idx` (`estados_id`),
  ADD KEY `tipos_di_id` (`tipos_di_id`);

--
-- AUTO_INCREMENT de las tablas volcadas
--

--
-- AUTO_INCREMENT de la tabla `categorias`
--
ALTER TABLE `categorias`
  MODIFY `id` int(10) UNSIGNED NOT NULL AUTO_INCREMENT, AUTO_INCREMENT=3;

--
-- AUTO_INCREMENT de la tabla `ciudades`
--
ALTER TABLE `ciudades`
  MODIFY `id` int(10) UNSIGNED NOT NULL AUTO_INCREMENT, AUTO_INCREMENT=1101;

--
-- AUTO_INCREMENT de la tabla `clientes`
--
ALTER TABLE `clientes`
  MODIFY `id` int(10) UNSIGNED NOT NULL AUTO_INCREMENT, AUTO_INCREMENT=4;

--
-- AUTO_INCREMENT de la tabla `departamentos`
--
ALTER TABLE `departamentos`
  MODIFY `id` int(10) UNSIGNED NOT NULL AUTO_INCREMENT, AUTO_INCREMENT=100;

--
-- AUTO_INCREMENT de la tabla `empleados`
--
ALTER TABLE `empleados`
  MODIFY `id` int(10) UNSIGNED NOT NULL AUTO_INCREMENT, AUTO_INCREMENT=3;

--
-- AUTO_INCREMENT de la tabla `estados`
--
ALTER TABLE `estados`
  MODIFY `id` int(10) UNSIGNED NOT NULL AUTO_INCREMENT, AUTO_INCREMENT=4;

--
-- AUTO_INCREMENT de la tabla `facturas`
--
ALTER TABLE `facturas`
  MODIFY `id` int(10) UNSIGNED NOT NULL AUTO_INCREMENT, AUTO_INCREMENT=4;

--
-- AUTO_INCREMENT de la tabla `failed_jobs`
--
ALTER TABLE `failed_jobs`
  MODIFY `id` bigint(20) UNSIGNED NOT NULL AUTO_INCREMENT;

--
-- AUTO_INCREMENT de la tabla `metodos_de_pago`
--
ALTER TABLE `metodos_de_pago`
  MODIFY `id` int(10) UNSIGNED NOT NULL AUTO_INCREMENT, AUTO_INCREMENT=5;

--
-- AUTO_INCREMENT de la tabla `migrations`
--
ALTER TABLE `migrations`
  MODIFY `id` int(10) UNSIGNED NOT NULL AUTO_INCREMENT, AUTO_INCREMENT=13;

--
-- AUTO_INCREMENT de la tabla `permisos`
--
ALTER TABLE `permisos`
  MODIFY `id` int(10) UNSIGNED NOT NULL AUTO_INCREMENT, AUTO_INCREMENT=8;

--
-- AUTO_INCREMENT de la tabla `personal_access_tokens`
--
ALTER TABLE `personal_access_tokens`
  MODIFY `id` bigint(20) UNSIGNED NOT NULL AUTO_INCREMENT;

--
-- AUTO_INCREMENT de la tabla `productos`
--
ALTER TABLE `productos`
  MODIFY `id` int(10) UNSIGNED NOT NULL AUTO_INCREMENT, AUTO_INCREMENT=6;

--
-- AUTO_INCREMENT de la tabla `proveedores`
--
ALTER TABLE `proveedores`
  MODIFY `id` int(10) UNSIGNED NOT NULL AUTO_INCREMENT, AUTO_INCREMENT=6;

--
-- AUTO_INCREMENT de la tabla `roles`
--
ALTER TABLE `roles`
  MODIFY `id` int(10) UNSIGNED NOT NULL AUTO_INCREMENT, AUTO_INCREMENT=3;

--
-- AUTO_INCREMENT de la tabla `skyfallweb`
--
ALTER TABLE `skyfallweb`
  MODIFY `id` bigint(20) UNSIGNED NOT NULL AUTO_INCREMENT;

--
-- AUTO_INCREMENT de la tabla `solicitudes`
--
ALTER TABLE `solicitudes`
  MODIFY `id` int(10) UNSIGNED NOT NULL AUTO_INCREMENT, AUTO_INCREMENT=11;

--
-- AUTO_INCREMENT de la tabla `tipos_di`
--
ALTER TABLE `tipos_di`
  MODIFY `id` int(10) UNSIGNED NOT NULL AUTO_INCREMENT, AUTO_INCREMENT=5;

--
-- AUTO_INCREMENT de la tabla `users`
--
ALTER TABLE `users`
  MODIFY `id` bigint(20) UNSIGNED NOT NULL AUTO_INCREMENT;

--
-- AUTO_INCREMENT de la tabla `usuarios`
--
ALTER TABLE `usuarios`
  MODIFY `id` int(10) UNSIGNED NOT NULL AUTO_INCREMENT, AUTO_INCREMENT=6;

--
-- Restricciones para tablas volcadas
--

--
-- Filtros para la tabla `ciudades`
--
ALTER TABLE `ciudades`
  ADD CONSTRAINT `fk_ciudades_departamentos1` FOREIGN KEY (`departamentos_id`) REFERENCES `departamentos` (`id`);

--
-- Filtros para la tabla `clientes`
--
ALTER TABLE `clientes`
  ADD CONSTRAINT `fk_clientes_estados1` FOREIGN KEY (`estados_id`) REFERENCES `estados` (`id`),
  ADD CONSTRAINT `fk_clientes_usuarios1` FOREIGN KEY (`usuarios_id`) REFERENCES `usuarios` (`id`);

--
-- Filtros para la tabla `empleados`
--
ALTER TABLE `empleados`
  ADD CONSTRAINT `fk_empleados_estados1` FOREIGN KEY (`estados_id`) REFERENCES `estados` (`id`),
  ADD CONSTRAINT `fk_empleados_roles1` FOREIGN KEY (`roles_id`) REFERENCES `roles` (`id`),
  ADD CONSTRAINT `fk_empleados_usuarios1` FOREIGN KEY (`usuarios_id`) REFERENCES `usuarios` (`id`);

--
-- Filtros para la tabla `facturas`
--
ALTER TABLE `facturas`
  ADD CONSTRAINT `fk_facturas_clientes1` FOREIGN KEY (`clientes_id`) REFERENCES `clientes` (`id`),
  ADD CONSTRAINT `fk_facturas_metodos_de_pago1` FOREIGN KEY (`metodos_de_pago_id`) REFERENCES `metodos_de_pago` (`id`);

--
-- Filtros para la tabla `gestionan`
--
ALTER TABLE `gestionan`
  ADD CONSTRAINT `fk_gestionan_empleados1` FOREIGN KEY (`empleados_id`) REFERENCES `empleados` (`id`),
  ADD CONSTRAINT `fk_gestionan_productos1` FOREIGN KEY (`productos_id`) REFERENCES `productos` (`id`);

--
-- Filtros para la tabla `incluyen`
--
ALTER TABLE `incluyen`
  ADD CONSTRAINT `fk_incluyen_facturas1` FOREIGN KEY (`facturas_id`) REFERENCES `facturas` (`id`),
  ADD CONSTRAINT `fk_incluyen_productos1` FOREIGN KEY (`productos_id`) REFERENCES `productos` (`id`);

--
-- Filtros para la tabla `productos`
--
ALTER TABLE `productos`
  ADD CONSTRAINT `fk_productos_categorias1` FOREIGN KEY (`categorias_id`) REFERENCES `categorias` (`id`),
  ADD CONSTRAINT `fk_productos_proveedores1` FOREIGN KEY (`proveedores_id`) REFERENCES `proveedores` (`id`);

--
-- Filtros para la tabla `proveedores`
--
ALTER TABLE `proveedores`
  ADD CONSTRAINT `fk_proveedores_estados1` FOREIGN KEY (`estados_id`) REFERENCES `estados` (`id`);

--
-- Filtros para la tabla `solicitudes`
--
ALTER TABLE `solicitudes`
  ADD CONSTRAINT `fk_solicitudes_clientes1` FOREIGN KEY (`clientes_id`) REFERENCES `clientes` (`id`),
  ADD CONSTRAINT `fk_solicitudes_usuarios1` FOREIGN KEY (`usuarios_id`) REFERENCES `usuarios` (`id`);

--
-- Filtros para la tabla `tienen`
--
ALTER TABLE `tienen`
  ADD CONSTRAINT `fk_tienen_permisos1` FOREIGN KEY (`permisos_id`) REFERENCES `permisos` (`id`),
  ADD CONSTRAINT `fk_tienen_roles1` FOREIGN KEY (`roles_id`) REFERENCES `roles` (`id`);

--
-- Filtros para la tabla `usuarios`
--
ALTER TABLE `usuarios`
  ADD CONSTRAINT `fk_usuarios_ciudades1` FOREIGN KEY (`ciudades_id`) REFERENCES `ciudades` (`id`),
  ADD CONSTRAINT `fk_usuarios_estados1` FOREIGN KEY (`estados_id`) REFERENCES `estados` (`id`),
  ADD CONSTRAINT `fk_usuarios_tipos_di1` FOREIGN KEY (`tipos_di_id`) REFERENCES `tipos_di` (`id`);
COMMIT;

/*!40101 SET CHARACTER_SET_CLIENT=@OLD_CHARACTER_SET_CLIENT */;
/*!40101 SET CHARACTER_SET_RESULTS=@OLD_CHARACTER_SET_RESULTS */;
/*!40101 SET COLLATION_CONNECTION=@OLD_COLLATION_CONNECTION */;
